-- phpMyAdmin SQL Dump
-- version 5.2.1
-- https://www.phpmyadmin.net/
--
-- Host: localhost:3306
-- Waktu pembuatan: 01 Agu 2023 pada 15.04
-- Versi server: 8.0.30
-- Versi PHP: 8.1.10

SET SQL_MODE = "NO_AUTO_VALUE_ON_ZERO";
START TRANSACTION;
SET time_zone = "+00:00";


/*!40101 SET @OLD_CHARACTER_SET_CLIENT=@@CHARACTER_SET_CLIENT */;
/*!40101 SET @OLD_CHARACTER_SET_RESULTS=@@CHARACTER_SET_RESULTS */;
/*!40101 SET @OLD_COLLATION_CONNECTION=@@COLLATION_CONNECTION */;
/*!40101 SET NAMES utf8mb4 */;

--
-- Database: `komputer`
--

-- --------------------------------------------------------

--
-- Struktur dari tabel `about`
--

CREATE TABLE `about` (
  `id` bigint UNSIGNED NOT NULL,
  `deskripsi` text COLLATE utf8mb4_unicode_ci NOT NULL,
  `logo` varchar(100) COLLATE utf8mb4_unicode_ci DEFAULT NULL,
  `nama_author` varchar(100) COLLATE utf8mb4_unicode_ci NOT NULL,
  `photo_author` varchar(100) COLLATE utf8mb4_unicode_ci DEFAULT NULL,
  `link_github` varchar(100) COLLATE utf8mb4_unicode_ci NOT NULL,
  `quotes_author` varchar(200) COLLATE utf8mb4_unicode_ci NOT NULL,
  `created_at` timestamp NULL DEFAULT NULL,
  `updated_at` timestamp NULL DEFAULT NULL
) ENGINE=InnoDB DEFAULT CHARSET=utf8mb4 COLLATE=utf8mb4_unicode_ci;

--
-- Dumping data untuk tabel `about`
--

INSERT INTO `about` (`id`, `deskripsi`, `logo`, `nama_author`, `photo_author`, `link_github`, `quotes_author`, `created_at`, `updated_at`) VALUES
(1, 'Evdigi.id mengembangkan aplikasi dengan penuh dedikasi. Kami selalu siap memberikan solusi untuk permasalahan dan memenuhi kebutuhan Anda. Kami menawarkan solusi bagi anda yang ingin membangun software aplikasi berbasis web untuk kebutuhan bisnis, perkantoran, institusi, organisasi dan pemerintahan. Kami juga menyediakan paket website yang sudah jadi sesuai kebutuhan Anda dengan harga terjangkau.', '', 'Muhammad Saeful Ramdan', '', 'https://github.com/msramdan', 'Orang-orang yang berhenti belajar akan menjadi pemilik masa lalu. Orang-orang yang masih terus belajar, akan menjadi pemilik masa depan', '2023-07-26 01:38:34', '2023-07-26 01:38:34');

-- --------------------------------------------------------

--
-- Struktur dari tabel `cara_belanja`
--

CREATE TABLE `cara_belanja` (
  `id` bigint UNSIGNED NOT NULL,
  `title` varchar(255) COLLATE utf8mb4_unicode_ci NOT NULL,
  `deskripsi` text COLLATE utf8mb4_unicode_ci NOT NULL,
  `created_at` timestamp NULL DEFAULT NULL,
  `updated_at` timestamp NULL DEFAULT NULL
) ENGINE=InnoDB DEFAULT CHARSET=utf8mb4 COLLATE=utf8mb4_unicode_ci;

-- --------------------------------------------------------

--
-- Struktur dari tabel `customer`
--

CREATE TABLE `customer` (
  `id` bigint UNSIGNED NOT NULL,
  `nama` varchar(255) COLLATE utf8mb4_unicode_ci NOT NULL,
  `password` varchar(255) COLLATE utf8mb4_unicode_ci NOT NULL,
  `tanggal_lahir` date DEFAULT NULL,
  `jenis_kelamin` varchar(50) COLLATE utf8mb4_unicode_ci DEFAULT NULL,
  `email` varchar(100) COLLATE utf8mb4_unicode_ci NOT NULL,
  `telpon` varchar(15) COLLATE utf8mb4_unicode_ci NOT NULL,
  `created_at` timestamp NULL DEFAULT NULL,
  `updated_at` timestamp NULL DEFAULT NULL
) ENGINE=InnoDB DEFAULT CHARSET=utf8mb4 COLLATE=utf8mb4_unicode_ci;

--
-- Dumping data untuk tabel `customer`
--

INSERT INTO `customer` (`id`, `nama`, `password`, `tanggal_lahir`, `jenis_kelamin`, `email`, `telpon`, `created_at`, `updated_at`) VALUES
(1, 'Ramdan', '$2y$10$APCGNBaZ4a3c4yD/kY6yd.wfUFqQWdhWKp9Tozchbq7fcDIBCsiIi', '2026-07-23', 'Laki Laki', 'saepulramdan244@gmail.com', '083874731480', '2023-07-26 01:39:18', '2023-07-26 01:39:18'),
(2, 'ms', '$2y$10$tdDU5xr91h6QJr2zxeq4HO1haY1QdTO8H020zlgfTzjF18/Qlhpdq', NULL, NULL, 'ms.rajay21@gmail.com', '56234234', '2023-07-26 01:42:43', '2023-07-26 01:42:43'),
(3, 'andika', '$2y$10$Kka00JJoT.hzeDGcD904KObAy3objO8bSsywFXIo4JcsNZYx/B7Pe', NULL, NULL, 'andika@gmail.com', '0859345898', '2023-07-27 22:48:26', '2023-07-27 22:48:26');

-- --------------------------------------------------------

--
-- Struktur dari tabel `customer_alamat`
--

CREATE TABLE `customer_alamat` (
  `id` bigint UNSIGNED NOT NULL,
  `customer_id` bigint UNSIGNED NOT NULL,
  `provinsi_id` bigint UNSIGNED NOT NULL,
  `kota_id` bigint UNSIGNED NOT NULL,
  `alamat_lengkap` text COLLATE utf8mb4_unicode_ci NOT NULL,
  `created_at` timestamp NULL DEFAULT NULL,
  `updated_at` timestamp NULL DEFAULT NULL
) ENGINE=InnoDB DEFAULT CHARSET=utf8mb4 COLLATE=utf8mb4_unicode_ci;

--
-- Dumping data untuk tabel `customer_alamat`
--

INSERT INTO `customer_alamat` (`id`, `customer_id`, `provinsi_id`, `kota_id`, `alamat_lengkap`, `created_at`, `updated_at`) VALUES
(1, 1, 9, 70, 'Perumahan sai residance', '2023-07-26 01:39:18', '2023-07-26 01:39:18'),
(2, 2, 10, 115, 'Jalan Kyai Haji Zainuddin Raya Genuk', '2023-07-26 01:43:29', '2023-07-26 01:43:29'),
(3, 3, 10, 115, 'Jalan Kyai Haji Zainuddin Raya Genuk', '2023-07-27 22:53:20', '2023-07-27 22:53:20');

-- --------------------------------------------------------

--
-- Struktur dari tabel `failed_jobs`
--

CREATE TABLE `failed_jobs` (
  `id` bigint UNSIGNED NOT NULL,
  `uuid` varchar(255) COLLATE utf8mb4_unicode_ci NOT NULL,
  `connection` text COLLATE utf8mb4_unicode_ci NOT NULL,
  `queue` text COLLATE utf8mb4_unicode_ci NOT NULL,
  `payload` longtext COLLATE utf8mb4_unicode_ci NOT NULL,
  `exception` longtext COLLATE utf8mb4_unicode_ci NOT NULL,
  `failed_at` timestamp NOT NULL DEFAULT CURRENT_TIMESTAMP
) ENGINE=InnoDB DEFAULT CHARSET=utf8mb4 COLLATE=utf8mb4_unicode_ci;

-- --------------------------------------------------------

--
-- Struktur dari tabel `kategori`
--

CREATE TABLE `kategori` (
  `id` bigint UNSIGNED NOT NULL,
  `nama_kategori` varchar(100) COLLATE utf8mb4_unicode_ci NOT NULL,
  `created_at` timestamp NULL DEFAULT NULL,
  `updated_at` timestamp NULL DEFAULT NULL
) ENGINE=InnoDB DEFAULT CHARSET=utf8mb4 COLLATE=utf8mb4_unicode_ci;

--
-- Dumping data untuk tabel `kategori`
--

INSERT INTO `kategori` (`id`, `nama_kategori`, `created_at`, `updated_at`) VALUES
(1, 'ALSEYE', '2023-07-26 01:38:34', '2023-07-26 01:38:34'),
(2, 'BLUETOOTH', '2023-07-26 01:38:34', '2023-07-26 01:38:34'),
(3, 'CARDREADER', '2023-07-26 01:38:34', '2023-07-26 01:38:34'),
(4, 'CDDVD', '2023-07-26 01:38:34', '2023-07-26 01:38:34'),
(5, 'CH', '2023-07-26 01:38:34', '2023-07-26 01:38:34'),
(6, 'CHARGER', '2023-07-26 01:38:34', '2023-07-26 01:38:34'),
(7, 'CONVERTER', '2023-07-26 01:38:34', '2023-07-26 01:38:34'),
(8, 'COOLER', '2023-07-26 01:38:34', '2023-07-26 01:38:34'),
(9, 'DC', '2023-07-26 01:38:34', '2023-07-26 01:38:34'),
(10, 'DEEPCOOL', '2023-07-26 01:38:34', '2023-07-26 01:38:34'),
(11, 'EARPHONE', '2023-07-26 01:38:34', '2023-07-26 01:38:34'),
(12, 'FAN', '2023-07-26 01:38:34', '2023-07-26 01:38:34'),
(13, 'GAMEPAD', '2023-07-26 01:38:34', '2023-07-26 01:38:34'),
(14, 'GENERIK', '2023-07-26 01:38:34', '2023-07-26 01:38:34'),
(15, 'HDD CADDY', '2023-07-26 01:38:34', '2023-07-26 01:38:34'),
(16, 'HDDCASE', '2023-07-26 01:38:34', '2023-07-26 01:38:34'),
(17, 'KABEL', '2023-07-26 01:38:34', '2023-07-26 01:38:34'),
(18, 'KEYBOARD MOUSE ', '2023-07-26 01:38:34', '2023-07-26 01:38:34'),
(19, 'LASER POINTER', '2023-07-26 01:38:34', '2023-07-26 01:38:34'),
(20, 'MB', '2023-07-26 01:38:34', '2023-07-26 01:38:34'),
(21, 'MEJA', '2023-07-26 01:38:34', '2023-07-26 01:38:34'),
(22, 'MIC', '2023-07-26 01:38:34', '2023-07-26 01:38:34'),
(23, 'MODEM', '2023-07-26 01:38:34', '2023-07-26 01:38:34'),
(24, 'MOUSEPAD', '2023-07-26 01:38:34', '2023-07-26 01:38:34'),
(25, 'NETWORKING', '2023-07-26 01:38:34', '2023-07-26 01:38:34'),
(26, 'OTG', '2023-07-26 01:38:34', '2023-07-26 01:38:34'),
(27, 'PASTA PROC', '2023-07-26 01:38:34', '2023-07-26 01:38:34'),
(28, 'PCI CARD', '2023-07-26 01:38:34', '2023-07-26 01:38:34'),
(29, 'PSU', '2023-07-26 01:38:34', '2023-07-26 01:38:34'),
(30, 'REDRAGON', '2023-07-26 01:38:34', '2023-07-26 01:38:34'),
(31, 'SOFTCASE', '2023-07-26 01:38:34', '2023-07-26 01:38:34'),
(32, 'SPEAKER', '2023-07-26 01:38:34', '2023-07-26 01:38:34'),
(33, 'SPLITTER', '2023-07-26 01:38:34', '2023-07-26 01:38:34'),
(34, 'SSD', '2023-07-26 01:38:34', '2023-07-26 01:38:34'),
(35, 'TPLINK', '2023-07-26 01:38:34', '2023-07-26 01:38:34'),
(36, 'USBHUB', '2023-07-26 01:38:34', '2023-07-26 01:38:34'),
(37, 'WEBCAM', '2023-07-26 01:38:34', '2023-07-26 01:38:34');

-- --------------------------------------------------------

--
-- Struktur dari tabel `kota_kabupatens`
--

CREATE TABLE `kota_kabupatens` (
  `id` bigint UNSIGNED NOT NULL,
  `provinsi_id` int UNSIGNED NOT NULL,
  `kota_kabupaten_id` int UNSIGNED NOT NULL,
  `nama` varchar(255) COLLATE utf8mb4_unicode_ci NOT NULL,
  `created_at` timestamp NULL DEFAULT NULL,
  `updated_at` timestamp NULL DEFAULT NULL
) ENGINE=InnoDB DEFAULT CHARSET=utf8mb4 COLLATE=utf8mb4_unicode_ci;

--
-- Dumping data untuk tabel `kota_kabupatens`
--

INSERT INTO `kota_kabupatens` (`id`, `provinsi_id`, `kota_kabupaten_id`, `nama`, `created_at`, `updated_at`) VALUES
(1, 1, 17, 'Badung', '2023-07-26 01:38:36', '2023-07-26 01:38:36'),
(2, 1, 32, 'Bangli', '2023-07-26 01:38:36', '2023-07-26 01:38:36'),
(3, 1, 94, 'Buleleng', '2023-07-26 01:38:36', '2023-07-26 01:38:36'),
(4, 1, 114, 'Denpasar', '2023-07-26 01:38:36', '2023-07-26 01:38:36'),
(5, 1, 128, 'Gianyar', '2023-07-26 01:38:36', '2023-07-26 01:38:36'),
(6, 1, 161, 'Jembrana', '2023-07-26 01:38:36', '2023-07-26 01:38:36'),
(7, 1, 170, 'Karangasem', '2023-07-26 01:38:36', '2023-07-26 01:38:36'),
(8, 1, 197, 'Klungkung', '2023-07-26 01:38:36', '2023-07-26 01:38:36'),
(9, 1, 447, 'Tabanan', '2023-07-26 01:38:36', '2023-07-26 01:38:36'),
(10, 2, 27, 'Bangka', '2023-07-26 01:38:37', '2023-07-26 01:38:37'),
(11, 2, 28, 'Bangka Barat', '2023-07-26 01:38:37', '2023-07-26 01:38:37'),
(12, 2, 29, 'Bangka Selatan', '2023-07-26 01:38:37', '2023-07-26 01:38:37'),
(13, 2, 30, 'Bangka Tengah', '2023-07-26 01:38:37', '2023-07-26 01:38:37'),
(14, 2, 56, 'Belitung', '2023-07-26 01:38:37', '2023-07-26 01:38:37'),
(15, 2, 57, 'Belitung Timur', '2023-07-26 01:38:37', '2023-07-26 01:38:37'),
(16, 2, 334, 'Pangkal Pinang', '2023-07-26 01:38:37', '2023-07-26 01:38:37'),
(17, 3, 106, 'Cilegon', '2023-07-26 01:38:38', '2023-07-26 01:38:38'),
(18, 3, 232, 'Lebak', '2023-07-26 01:38:38', '2023-07-26 01:38:38'),
(19, 3, 331, 'Pandeglang', '2023-07-26 01:38:38', '2023-07-26 01:38:38'),
(20, 3, 402, 'Serang', '2023-07-26 01:38:38', '2023-07-26 01:38:38'),
(21, 3, 403, 'Serang', '2023-07-26 01:38:38', '2023-07-26 01:38:38'),
(22, 3, 455, 'Tangerang', '2023-07-26 01:38:38', '2023-07-26 01:38:38'),
(23, 3, 456, 'Tangerang', '2023-07-26 01:38:38', '2023-07-26 01:38:38'),
(24, 3, 457, 'Tangerang Selatan', '2023-07-26 01:38:38', '2023-07-26 01:38:38'),
(25, 4, 62, 'Bengkulu', '2023-07-26 01:38:39', '2023-07-26 01:38:39'),
(26, 4, 63, 'Bengkulu Selatan', '2023-07-26 01:38:39', '2023-07-26 01:38:39'),
(27, 4, 64, 'Bengkulu Tengah', '2023-07-26 01:38:39', '2023-07-26 01:38:39'),
(28, 4, 65, 'Bengkulu Utara', '2023-07-26 01:38:39', '2023-07-26 01:38:39'),
(29, 4, 175, 'Kaur', '2023-07-26 01:38:39', '2023-07-26 01:38:39'),
(30, 4, 183, 'Kepahiang', '2023-07-26 01:38:39', '2023-07-26 01:38:39'),
(31, 4, 233, 'Lebong', '2023-07-26 01:38:39', '2023-07-26 01:38:39'),
(32, 4, 294, 'Muko Muko', '2023-07-26 01:38:39', '2023-07-26 01:38:39'),
(33, 4, 379, 'Rejang Lebong', '2023-07-26 01:38:39', '2023-07-26 01:38:39'),
(34, 4, 397, 'Seluma', '2023-07-26 01:38:39', '2023-07-26 01:38:39'),
(35, 5, 39, 'Bantul', '2023-07-26 01:38:41', '2023-07-26 01:38:41'),
(36, 5, 135, 'Gunung Kidul', '2023-07-26 01:38:41', '2023-07-26 01:38:41'),
(37, 5, 210, 'Kulon Progo', '2023-07-26 01:38:41', '2023-07-26 01:38:41'),
(38, 5, 419, 'Sleman', '2023-07-26 01:38:41', '2023-07-26 01:38:41'),
(39, 5, 501, 'Yogyakarta', '2023-07-26 01:38:41', '2023-07-26 01:38:41'),
(40, 6, 151, 'Jakarta Barat', '2023-07-26 01:38:42', '2023-07-26 01:38:42'),
(41, 6, 152, 'Jakarta Pusat', '2023-07-26 01:38:42', '2023-07-26 01:38:42'),
(42, 6, 153, 'Jakarta Selatan', '2023-07-26 01:38:42', '2023-07-26 01:38:42'),
(43, 6, 154, 'Jakarta Timur', '2023-07-26 01:38:42', '2023-07-26 01:38:42'),
(44, 6, 155, 'Jakarta Utara', '2023-07-26 01:38:42', '2023-07-26 01:38:42'),
(45, 6, 189, 'Kepulauan Seribu', '2023-07-26 01:38:42', '2023-07-26 01:38:42'),
(46, 7, 77, 'Boalemo', '2023-07-26 01:38:43', '2023-07-26 01:38:43'),
(47, 7, 88, 'Bone Bolango', '2023-07-26 01:38:43', '2023-07-26 01:38:43'),
(48, 7, 129, 'Gorontalo', '2023-07-26 01:38:43', '2023-07-26 01:38:43'),
(49, 7, 130, 'Gorontalo', '2023-07-26 01:38:43', '2023-07-26 01:38:43'),
(50, 7, 131, 'Gorontalo Utara', '2023-07-26 01:38:43', '2023-07-26 01:38:43'),
(51, 7, 361, 'Pohuwato', '2023-07-26 01:38:43', '2023-07-26 01:38:43'),
(52, 8, 50, 'Batang Hari', '2023-07-26 01:38:44', '2023-07-26 01:38:44'),
(53, 8, 97, 'Bungo', '2023-07-26 01:38:44', '2023-07-26 01:38:44'),
(54, 8, 156, 'Jambi', '2023-07-26 01:38:44', '2023-07-26 01:38:44'),
(55, 8, 194, 'Kerinci', '2023-07-26 01:38:44', '2023-07-26 01:38:44'),
(56, 8, 280, 'Merangin', '2023-07-26 01:38:44', '2023-07-26 01:38:44'),
(57, 8, 293, 'Muaro Jambi', '2023-07-26 01:38:44', '2023-07-26 01:38:44'),
(58, 8, 393, 'Sarolangun', '2023-07-26 01:38:44', '2023-07-26 01:38:44'),
(59, 8, 442, 'Sungaipenuh', '2023-07-26 01:38:44', '2023-07-26 01:38:44'),
(60, 8, 460, 'Tanjung Jabung Barat', '2023-07-26 01:38:44', '2023-07-26 01:38:44'),
(61, 8, 461, 'Tanjung Jabung Timur', '2023-07-26 01:38:44', '2023-07-26 01:38:44'),
(62, 8, 471, 'Tebo', '2023-07-26 01:38:44', '2023-07-26 01:38:44'),
(63, 9, 22, 'Bandung', '2023-07-26 01:38:45', '2023-07-26 01:38:45'),
(64, 9, 23, 'Bandung', '2023-07-26 01:38:45', '2023-07-26 01:38:45'),
(65, 9, 24, 'Bandung Barat', '2023-07-26 01:38:45', '2023-07-26 01:38:45'),
(66, 9, 34, 'Banjar', '2023-07-26 01:38:45', '2023-07-26 01:38:45'),
(67, 9, 54, 'Bekasi', '2023-07-26 01:38:45', '2023-07-26 01:38:45'),
(68, 9, 55, 'Bekasi', '2023-07-26 01:38:45', '2023-07-26 01:38:45'),
(69, 9, 78, 'Bogor', '2023-07-26 01:38:45', '2023-07-26 01:38:45'),
(70, 9, 79, 'Bogor', '2023-07-26 01:38:45', '2023-07-26 01:38:45'),
(71, 9, 103, 'Ciamis', '2023-07-26 01:38:45', '2023-07-26 01:38:45'),
(72, 9, 104, 'Cianjur', '2023-07-26 01:38:45', '2023-07-26 01:38:45'),
(73, 9, 107, 'Cimahi', '2023-07-26 01:38:45', '2023-07-26 01:38:45'),
(74, 9, 108, 'Cirebon', '2023-07-26 01:38:45', '2023-07-26 01:38:45'),
(75, 9, 109, 'Cirebon', '2023-07-26 01:38:45', '2023-07-26 01:38:45'),
(76, 9, 115, 'Depok', '2023-07-26 01:38:45', '2023-07-26 01:38:45'),
(77, 9, 126, 'Garut', '2023-07-26 01:38:45', '2023-07-26 01:38:45'),
(78, 9, 149, 'Indramayu', '2023-07-26 01:38:45', '2023-07-26 01:38:45'),
(79, 9, 171, 'Karawang', '2023-07-26 01:38:45', '2023-07-26 01:38:45'),
(80, 9, 211, 'Kuningan', '2023-07-26 01:38:45', '2023-07-26 01:38:45'),
(81, 9, 252, 'Majalengka', '2023-07-26 01:38:45', '2023-07-26 01:38:45'),
(82, 9, 332, 'Pangandaran', '2023-07-26 01:38:45', '2023-07-26 01:38:45'),
(83, 9, 376, 'Purwakarta', '2023-07-26 01:38:45', '2023-07-26 01:38:45'),
(84, 9, 428, 'Subang', '2023-07-26 01:38:45', '2023-07-26 01:38:45'),
(85, 9, 430, 'Sukabumi', '2023-07-26 01:38:45', '2023-07-26 01:38:45'),
(86, 9, 431, 'Sukabumi', '2023-07-26 01:38:45', '2023-07-26 01:38:45'),
(87, 9, 440, 'Sumedang', '2023-07-26 01:38:45', '2023-07-26 01:38:45'),
(88, 9, 468, 'Tasikmalaya', '2023-07-26 01:38:45', '2023-07-26 01:38:45'),
(89, 9, 469, 'Tasikmalaya', '2023-07-26 01:38:45', '2023-07-26 01:38:45'),
(90, 10, 37, 'Banjarnegara', '2023-07-26 01:38:46', '2023-07-26 01:38:46'),
(91, 10, 41, 'Banyumas', '2023-07-26 01:38:46', '2023-07-26 01:38:46'),
(92, 10, 49, 'Batang', '2023-07-26 01:38:46', '2023-07-26 01:38:46'),
(93, 10, 76, 'Blora', '2023-07-26 01:38:46', '2023-07-26 01:38:46'),
(94, 10, 91, 'Boyolali', '2023-07-26 01:38:46', '2023-07-26 01:38:46'),
(95, 10, 92, 'Brebes', '2023-07-26 01:38:46', '2023-07-26 01:38:46'),
(96, 10, 105, 'Cilacap', '2023-07-26 01:38:46', '2023-07-26 01:38:46'),
(97, 10, 113, 'Demak', '2023-07-26 01:38:46', '2023-07-26 01:38:46'),
(98, 10, 134, 'Grobogan', '2023-07-26 01:38:46', '2023-07-26 01:38:46'),
(99, 10, 163, 'Jepara', '2023-07-26 01:38:46', '2023-07-26 01:38:46'),
(100, 10, 169, 'Karanganyar', '2023-07-26 01:38:46', '2023-07-26 01:38:46'),
(101, 10, 177, 'Kebumen', '2023-07-26 01:38:46', '2023-07-26 01:38:46'),
(102, 10, 181, 'Kendal', '2023-07-26 01:38:46', '2023-07-26 01:38:46'),
(103, 10, 196, 'Klaten', '2023-07-26 01:38:46', '2023-07-26 01:38:46'),
(104, 10, 209, 'Kudus', '2023-07-26 01:38:46', '2023-07-26 01:38:46'),
(105, 10, 249, 'Magelang', '2023-07-26 01:38:46', '2023-07-26 01:38:46'),
(106, 10, 250, 'Magelang', '2023-07-26 01:38:46', '2023-07-26 01:38:46'),
(107, 10, 344, 'Pati', '2023-07-26 01:38:46', '2023-07-26 01:38:46'),
(108, 10, 348, 'Pekalongan', '2023-07-26 01:38:46', '2023-07-26 01:38:46'),
(109, 10, 349, 'Pekalongan', '2023-07-26 01:38:46', '2023-07-26 01:38:46'),
(110, 10, 352, 'Pemalang', '2023-07-26 01:38:46', '2023-07-26 01:38:46'),
(111, 10, 375, 'Purbalingga', '2023-07-26 01:38:46', '2023-07-26 01:38:46'),
(112, 10, 377, 'Purworejo', '2023-07-26 01:38:46', '2023-07-26 01:38:46'),
(113, 10, 380, 'Rembang', '2023-07-26 01:38:46', '2023-07-26 01:38:46'),
(114, 10, 386, 'Salatiga', '2023-07-26 01:38:46', '2023-07-26 01:38:46'),
(115, 10, 398, 'Semarang', '2023-07-26 01:38:46', '2023-07-26 01:38:46'),
(116, 10, 399, 'Semarang', '2023-07-26 01:38:46', '2023-07-26 01:38:46'),
(117, 10, 427, 'Sragen', '2023-07-26 01:38:46', '2023-07-26 01:38:46'),
(118, 10, 433, 'Sukoharjo', '2023-07-26 01:38:46', '2023-07-26 01:38:46'),
(119, 10, 445, 'Surakarta (Solo)', '2023-07-26 01:38:46', '2023-07-26 01:38:46'),
(120, 10, 472, 'Tegal', '2023-07-26 01:38:46', '2023-07-26 01:38:46'),
(121, 10, 473, 'Tegal', '2023-07-26 01:38:46', '2023-07-26 01:38:46'),
(122, 10, 476, 'Temanggung', '2023-07-26 01:38:46', '2023-07-26 01:38:46'),
(123, 10, 497, 'Wonogiri', '2023-07-26 01:38:46', '2023-07-26 01:38:46'),
(124, 10, 498, 'Wonosobo', '2023-07-26 01:38:46', '2023-07-26 01:38:46'),
(125, 11, 31, 'Bangkalan', '2023-07-26 01:38:48', '2023-07-26 01:38:48'),
(126, 11, 42, 'Banyuwangi', '2023-07-26 01:38:48', '2023-07-26 01:38:48'),
(127, 11, 51, 'Batu', '2023-07-26 01:38:48', '2023-07-26 01:38:48'),
(128, 11, 74, 'Blitar', '2023-07-26 01:38:48', '2023-07-26 01:38:48'),
(129, 11, 75, 'Blitar', '2023-07-26 01:38:48', '2023-07-26 01:38:48'),
(130, 11, 80, 'Bojonegoro', '2023-07-26 01:38:48', '2023-07-26 01:38:48'),
(131, 11, 86, 'Bondowoso', '2023-07-26 01:38:48', '2023-07-26 01:38:48'),
(132, 11, 133, 'Gresik', '2023-07-26 01:38:48', '2023-07-26 01:38:48'),
(133, 11, 160, 'Jember', '2023-07-26 01:38:48', '2023-07-26 01:38:48'),
(134, 11, 164, 'Jombang', '2023-07-26 01:38:48', '2023-07-26 01:38:48'),
(135, 11, 178, 'Kediri', '2023-07-26 01:38:48', '2023-07-26 01:38:48'),
(136, 11, 179, 'Kediri', '2023-07-26 01:38:48', '2023-07-26 01:38:48'),
(137, 11, 222, 'Lamongan', '2023-07-26 01:38:48', '2023-07-26 01:38:48'),
(138, 11, 243, 'Lumajang', '2023-07-26 01:38:48', '2023-07-26 01:38:48'),
(139, 11, 247, 'Madiun', '2023-07-26 01:38:48', '2023-07-26 01:38:48'),
(140, 11, 248, 'Madiun', '2023-07-26 01:38:48', '2023-07-26 01:38:48'),
(141, 11, 251, 'Magetan', '2023-07-26 01:38:48', '2023-07-26 01:38:48'),
(142, 11, 255, 'Malang', '2023-07-26 01:38:48', '2023-07-26 01:38:48'),
(143, 11, 256, 'Malang', '2023-07-26 01:38:48', '2023-07-26 01:38:48'),
(144, 11, 289, 'Mojokerto', '2023-07-26 01:38:48', '2023-07-26 01:38:48'),
(145, 11, 290, 'Mojokerto', '2023-07-26 01:38:48', '2023-07-26 01:38:48'),
(146, 11, 305, 'Nganjuk', '2023-07-26 01:38:48', '2023-07-26 01:38:48'),
(147, 11, 306, 'Ngawi', '2023-07-26 01:38:48', '2023-07-26 01:38:48'),
(148, 11, 317, 'Pacitan', '2023-07-26 01:38:48', '2023-07-26 01:38:48'),
(149, 11, 330, 'Pamekasan', '2023-07-26 01:38:48', '2023-07-26 01:38:48'),
(150, 11, 342, 'Pasuruan', '2023-07-26 01:38:48', '2023-07-26 01:38:48'),
(151, 11, 343, 'Pasuruan', '2023-07-26 01:38:48', '2023-07-26 01:38:48'),
(152, 11, 363, 'Ponorogo', '2023-07-26 01:38:48', '2023-07-26 01:38:48'),
(153, 11, 369, 'Probolinggo', '2023-07-26 01:38:48', '2023-07-26 01:38:48'),
(154, 11, 370, 'Probolinggo', '2023-07-26 01:38:48', '2023-07-26 01:38:48'),
(155, 11, 390, 'Sampang', '2023-07-26 01:38:48', '2023-07-26 01:38:48'),
(156, 11, 409, 'Sidoarjo', '2023-07-26 01:38:48', '2023-07-26 01:38:48'),
(157, 11, 418, 'Situbondo', '2023-07-26 01:38:48', '2023-07-26 01:38:48'),
(158, 11, 441, 'Sumenep', '2023-07-26 01:38:48', '2023-07-26 01:38:48'),
(159, 11, 444, 'Surabaya', '2023-07-26 01:38:48', '2023-07-26 01:38:48'),
(160, 11, 487, 'Trenggalek', '2023-07-26 01:38:48', '2023-07-26 01:38:48'),
(161, 11, 489, 'Tuban', '2023-07-26 01:38:48', '2023-07-26 01:38:48'),
(162, 11, 492, 'Tulungagung', '2023-07-26 01:38:48', '2023-07-26 01:38:48'),
(163, 12, 61, 'Bengkayang', '2023-07-26 01:38:49', '2023-07-26 01:38:49'),
(164, 12, 168, 'Kapuas Hulu', '2023-07-26 01:38:49', '2023-07-26 01:38:49'),
(165, 12, 176, 'Kayong Utara', '2023-07-26 01:38:49', '2023-07-26 01:38:49'),
(166, 12, 195, 'Ketapang', '2023-07-26 01:38:49', '2023-07-26 01:38:49'),
(167, 12, 208, 'Kubu Raya', '2023-07-26 01:38:49', '2023-07-26 01:38:49'),
(168, 12, 228, 'Landak', '2023-07-26 01:38:49', '2023-07-26 01:38:49'),
(169, 12, 279, 'Melawi', '2023-07-26 01:38:49', '2023-07-26 01:38:49'),
(170, 12, 364, 'Pontianak', '2023-07-26 01:38:49', '2023-07-26 01:38:49'),
(171, 12, 365, 'Pontianak', '2023-07-26 01:38:49', '2023-07-26 01:38:49'),
(172, 12, 388, 'Sambas', '2023-07-26 01:38:49', '2023-07-26 01:38:49'),
(173, 12, 391, 'Sanggau', '2023-07-26 01:38:49', '2023-07-26 01:38:49'),
(174, 12, 395, 'Sekadau', '2023-07-26 01:38:49', '2023-07-26 01:38:49'),
(175, 12, 415, 'Singkawang', '2023-07-26 01:38:49', '2023-07-26 01:38:49'),
(176, 12, 417, 'Sintang', '2023-07-26 01:38:49', '2023-07-26 01:38:49'),
(177, 13, 18, 'Balangan', '2023-07-26 01:38:50', '2023-07-26 01:38:50'),
(178, 13, 33, 'Banjar', '2023-07-26 01:38:50', '2023-07-26 01:38:50'),
(179, 13, 35, 'Banjarbaru', '2023-07-26 01:38:50', '2023-07-26 01:38:50'),
(180, 13, 36, 'Banjarmasin', '2023-07-26 01:38:50', '2023-07-26 01:38:50'),
(181, 13, 43, 'Barito Kuala', '2023-07-26 01:38:50', '2023-07-26 01:38:50'),
(182, 13, 143, 'Hulu Sungai Selatan', '2023-07-26 01:38:50', '2023-07-26 01:38:50'),
(183, 13, 144, 'Hulu Sungai Tengah', '2023-07-26 01:38:50', '2023-07-26 01:38:50'),
(184, 13, 145, 'Hulu Sungai Utara', '2023-07-26 01:38:50', '2023-07-26 01:38:50'),
(185, 13, 203, 'Kotabaru', '2023-07-26 01:38:50', '2023-07-26 01:38:50'),
(186, 13, 446, 'Tabalong', '2023-07-26 01:38:50', '2023-07-26 01:38:50'),
(187, 13, 452, 'Tanah Bumbu', '2023-07-26 01:38:50', '2023-07-26 01:38:50'),
(188, 13, 454, 'Tanah Laut', '2023-07-26 01:38:50', '2023-07-26 01:38:50'),
(189, 13, 466, 'Tapin', '2023-07-26 01:38:50', '2023-07-26 01:38:50'),
(190, 14, 44, 'Barito Selatan', '2023-07-26 01:38:51', '2023-07-26 01:38:51'),
(191, 14, 45, 'Barito Timur', '2023-07-26 01:38:51', '2023-07-26 01:38:51'),
(192, 14, 46, 'Barito Utara', '2023-07-26 01:38:51', '2023-07-26 01:38:51'),
(193, 14, 136, 'Gunung Mas', '2023-07-26 01:38:51', '2023-07-26 01:38:51'),
(194, 14, 167, 'Kapuas', '2023-07-26 01:38:51', '2023-07-26 01:38:51'),
(195, 14, 174, 'Katingan', '2023-07-26 01:38:51', '2023-07-26 01:38:51'),
(196, 14, 205, 'Kotawaringin Barat', '2023-07-26 01:38:51', '2023-07-26 01:38:51'),
(197, 14, 206, 'Kotawaringin Timur', '2023-07-26 01:38:51', '2023-07-26 01:38:51'),
(198, 14, 221, 'Lamandau', '2023-07-26 01:38:51', '2023-07-26 01:38:51'),
(199, 14, 296, 'Murung Raya', '2023-07-26 01:38:51', '2023-07-26 01:38:51'),
(200, 14, 326, 'Palangka Raya', '2023-07-26 01:38:51', '2023-07-26 01:38:51'),
(201, 14, 371, 'Pulang Pisau', '2023-07-26 01:38:51', '2023-07-26 01:38:51'),
(202, 14, 405, 'Seruyan', '2023-07-26 01:38:51', '2023-07-26 01:38:51'),
(203, 14, 432, 'Sukamara', '2023-07-26 01:38:51', '2023-07-26 01:38:51'),
(204, 15, 19, 'Balikpapan', '2023-07-26 01:38:52', '2023-07-26 01:38:52'),
(205, 15, 66, 'Berau', '2023-07-26 01:38:52', '2023-07-26 01:38:52'),
(206, 15, 89, 'Bontang', '2023-07-26 01:38:52', '2023-07-26 01:38:52'),
(207, 15, 214, 'Kutai Barat', '2023-07-26 01:38:52', '2023-07-26 01:38:52'),
(208, 15, 215, 'Kutai Kartanegara', '2023-07-26 01:38:52', '2023-07-26 01:38:52'),
(209, 15, 216, 'Kutai Timur', '2023-07-26 01:38:52', '2023-07-26 01:38:52'),
(210, 15, 341, 'Paser', '2023-07-26 01:38:52', '2023-07-26 01:38:52'),
(211, 15, 354, 'Penajam Paser Utara', '2023-07-26 01:38:52', '2023-07-26 01:38:52'),
(212, 15, 387, 'Samarinda', '2023-07-26 01:38:52', '2023-07-26 01:38:52'),
(213, 16, 96, 'Bulungan (Bulongan)', '2023-07-26 01:38:54', '2023-07-26 01:38:54'),
(214, 16, 257, 'Malinau', '2023-07-26 01:38:54', '2023-07-26 01:38:54'),
(215, 16, 311, 'Nunukan', '2023-07-26 01:38:54', '2023-07-26 01:38:54'),
(216, 16, 450, 'Tana Tidung', '2023-07-26 01:38:54', '2023-07-26 01:38:54'),
(217, 16, 467, 'Tarakan', '2023-07-26 01:38:54', '2023-07-26 01:38:54'),
(218, 17, 48, 'Batam', '2023-07-26 01:38:55', '2023-07-26 01:38:55'),
(219, 17, 71, 'Bintan', '2023-07-26 01:38:55', '2023-07-26 01:38:55'),
(220, 17, 172, 'Karimun', '2023-07-26 01:38:55', '2023-07-26 01:38:55'),
(221, 17, 184, 'Kepulauan Anambas', '2023-07-26 01:38:55', '2023-07-26 01:38:55'),
(222, 17, 237, 'Lingga', '2023-07-26 01:38:55', '2023-07-26 01:38:55'),
(223, 17, 302, 'Natuna', '2023-07-26 01:38:55', '2023-07-26 01:38:55'),
(224, 17, 462, 'Tanjung Pinang', '2023-07-26 01:38:55', '2023-07-26 01:38:55'),
(225, 18, 21, 'Bandar Lampung', '2023-07-26 01:38:56', '2023-07-26 01:38:56'),
(226, 18, 223, 'Lampung Barat', '2023-07-26 01:38:56', '2023-07-26 01:38:56'),
(227, 18, 224, 'Lampung Selatan', '2023-07-26 01:38:56', '2023-07-26 01:38:56'),
(228, 18, 225, 'Lampung Tengah', '2023-07-26 01:38:56', '2023-07-26 01:38:56'),
(229, 18, 226, 'Lampung Timur', '2023-07-26 01:38:56', '2023-07-26 01:38:56'),
(230, 18, 227, 'Lampung Utara', '2023-07-26 01:38:56', '2023-07-26 01:38:56'),
(231, 18, 282, 'Mesuji', '2023-07-26 01:38:56', '2023-07-26 01:38:56'),
(232, 18, 283, 'Metro', '2023-07-26 01:38:56', '2023-07-26 01:38:56'),
(233, 18, 355, 'Pesawaran', '2023-07-26 01:38:56', '2023-07-26 01:38:56'),
(234, 18, 356, 'Pesisir Barat', '2023-07-26 01:38:56', '2023-07-26 01:38:56'),
(235, 18, 368, 'Pringsewu', '2023-07-26 01:38:56', '2023-07-26 01:38:56'),
(236, 18, 458, 'Tanggamus', '2023-07-26 01:38:56', '2023-07-26 01:38:56'),
(237, 18, 490, 'Tulang Bawang', '2023-07-26 01:38:56', '2023-07-26 01:38:56'),
(238, 18, 491, 'Tulang Bawang Barat', '2023-07-26 01:38:56', '2023-07-26 01:38:56'),
(239, 18, 496, 'Way Kanan', '2023-07-26 01:38:56', '2023-07-26 01:38:56'),
(240, 19, 14, 'Ambon', '2023-07-26 01:38:57', '2023-07-26 01:38:57'),
(241, 19, 99, 'Buru', '2023-07-26 01:38:57', '2023-07-26 01:38:57'),
(242, 19, 100, 'Buru Selatan', '2023-07-26 01:38:57', '2023-07-26 01:38:57'),
(243, 19, 185, 'Kepulauan Aru', '2023-07-26 01:38:57', '2023-07-26 01:38:57'),
(244, 19, 258, 'Maluku Barat Daya', '2023-07-26 01:38:57', '2023-07-26 01:38:57'),
(245, 19, 259, 'Maluku Tengah', '2023-07-26 01:38:57', '2023-07-26 01:38:57'),
(246, 19, 260, 'Maluku Tenggara', '2023-07-26 01:38:57', '2023-07-26 01:38:57'),
(247, 19, 261, 'Maluku Tenggara Barat', '2023-07-26 01:38:57', '2023-07-26 01:38:57'),
(248, 19, 400, 'Seram Bagian Barat', '2023-07-26 01:38:57', '2023-07-26 01:38:57'),
(249, 19, 401, 'Seram Bagian Timur', '2023-07-26 01:38:57', '2023-07-26 01:38:57'),
(250, 19, 488, 'Tual', '2023-07-26 01:38:57', '2023-07-26 01:38:57'),
(251, 20, 138, 'Halmahera Barat', '2023-07-26 01:38:58', '2023-07-26 01:38:58'),
(252, 20, 139, 'Halmahera Selatan', '2023-07-26 01:38:58', '2023-07-26 01:38:58'),
(253, 20, 140, 'Halmahera Tengah', '2023-07-26 01:38:58', '2023-07-26 01:38:58'),
(254, 20, 141, 'Halmahera Timur', '2023-07-26 01:38:58', '2023-07-26 01:38:58'),
(255, 20, 142, 'Halmahera Utara', '2023-07-26 01:38:58', '2023-07-26 01:38:58'),
(256, 20, 191, 'Kepulauan Sula', '2023-07-26 01:38:58', '2023-07-26 01:38:58'),
(257, 20, 372, 'Pulau Morotai', '2023-07-26 01:38:58', '2023-07-26 01:38:58'),
(258, 20, 477, 'Ternate', '2023-07-26 01:38:58', '2023-07-26 01:38:58'),
(259, 20, 478, 'Tidore Kepulauan', '2023-07-26 01:38:58', '2023-07-26 01:38:58'),
(260, 21, 1, 'Aceh Barat', '2023-07-26 01:39:00', '2023-07-26 01:39:00'),
(261, 21, 2, 'Aceh Barat Daya', '2023-07-26 01:39:00', '2023-07-26 01:39:00'),
(262, 21, 3, 'Aceh Besar', '2023-07-26 01:39:00', '2023-07-26 01:39:00'),
(263, 21, 4, 'Aceh Jaya', '2023-07-26 01:39:00', '2023-07-26 01:39:00'),
(264, 21, 5, 'Aceh Selatan', '2023-07-26 01:39:00', '2023-07-26 01:39:00'),
(265, 21, 6, 'Aceh Singkil', '2023-07-26 01:39:00', '2023-07-26 01:39:00'),
(266, 21, 7, 'Aceh Tamiang', '2023-07-26 01:39:00', '2023-07-26 01:39:00'),
(267, 21, 8, 'Aceh Tengah', '2023-07-26 01:39:00', '2023-07-26 01:39:00'),
(268, 21, 9, 'Aceh Tenggara', '2023-07-26 01:39:00', '2023-07-26 01:39:00'),
(269, 21, 10, 'Aceh Timur', '2023-07-26 01:39:00', '2023-07-26 01:39:00'),
(270, 21, 11, 'Aceh Utara', '2023-07-26 01:39:00', '2023-07-26 01:39:00'),
(271, 21, 20, 'Banda Aceh', '2023-07-26 01:39:00', '2023-07-26 01:39:00'),
(272, 21, 59, 'Bener Meriah', '2023-07-26 01:39:00', '2023-07-26 01:39:00'),
(273, 21, 72, 'Bireuen', '2023-07-26 01:39:00', '2023-07-26 01:39:00'),
(274, 21, 127, 'Gayo Lues', '2023-07-26 01:39:00', '2023-07-26 01:39:00'),
(275, 21, 230, 'Langsa', '2023-07-26 01:39:00', '2023-07-26 01:39:00'),
(276, 21, 235, 'Lhokseumawe', '2023-07-26 01:39:00', '2023-07-26 01:39:00'),
(277, 21, 300, 'Nagan Raya', '2023-07-26 01:39:00', '2023-07-26 01:39:00'),
(278, 21, 358, 'Pidie', '2023-07-26 01:39:00', '2023-07-26 01:39:00'),
(279, 21, 359, 'Pidie Jaya', '2023-07-26 01:39:00', '2023-07-26 01:39:00'),
(280, 21, 384, 'Sabang', '2023-07-26 01:39:00', '2023-07-26 01:39:00'),
(281, 21, 414, 'Simeulue', '2023-07-26 01:39:00', '2023-07-26 01:39:00'),
(282, 21, 429, 'Subulussalam', '2023-07-26 01:39:00', '2023-07-26 01:39:00'),
(283, 22, 68, 'Bima', '2023-07-26 01:39:01', '2023-07-26 01:39:01'),
(284, 22, 69, 'Bima', '2023-07-26 01:39:01', '2023-07-26 01:39:01'),
(285, 22, 118, 'Dompu', '2023-07-26 01:39:01', '2023-07-26 01:39:01'),
(286, 22, 238, 'Lombok Barat', '2023-07-26 01:39:01', '2023-07-26 01:39:01'),
(287, 22, 239, 'Lombok Tengah', '2023-07-26 01:39:01', '2023-07-26 01:39:01'),
(288, 22, 240, 'Lombok Timur', '2023-07-26 01:39:01', '2023-07-26 01:39:01'),
(289, 22, 241, 'Lombok Utara', '2023-07-26 01:39:01', '2023-07-26 01:39:01'),
(290, 22, 276, 'Mataram', '2023-07-26 01:39:01', '2023-07-26 01:39:01'),
(291, 22, 438, 'Sumbawa', '2023-07-26 01:39:01', '2023-07-26 01:39:01'),
(292, 22, 439, 'Sumbawa Barat', '2023-07-26 01:39:01', '2023-07-26 01:39:01'),
(293, 23, 13, 'Alor', '2023-07-26 01:39:02', '2023-07-26 01:39:02'),
(294, 23, 58, 'Belu', '2023-07-26 01:39:02', '2023-07-26 01:39:02'),
(295, 23, 122, 'Ende', '2023-07-26 01:39:02', '2023-07-26 01:39:02'),
(296, 23, 125, 'Flores Timur', '2023-07-26 01:39:02', '2023-07-26 01:39:02'),
(297, 23, 212, 'Kupang', '2023-07-26 01:39:02', '2023-07-26 01:39:02'),
(298, 23, 213, 'Kupang', '2023-07-26 01:39:02', '2023-07-26 01:39:02'),
(299, 23, 234, 'Lembata', '2023-07-26 01:39:02', '2023-07-26 01:39:02'),
(300, 23, 269, 'Manggarai', '2023-07-26 01:39:02', '2023-07-26 01:39:02'),
(301, 23, 270, 'Manggarai Barat', '2023-07-26 01:39:02', '2023-07-26 01:39:02'),
(302, 23, 271, 'Manggarai Timur', '2023-07-26 01:39:02', '2023-07-26 01:39:02'),
(303, 23, 301, 'Nagekeo', '2023-07-26 01:39:02', '2023-07-26 01:39:02'),
(304, 23, 304, 'Ngada', '2023-07-26 01:39:02', '2023-07-26 01:39:02'),
(305, 23, 383, 'Rote Ndao', '2023-07-26 01:39:02', '2023-07-26 01:39:02'),
(306, 23, 385, 'Sabu Raijua', '2023-07-26 01:39:02', '2023-07-26 01:39:02'),
(307, 23, 412, 'Sikka', '2023-07-26 01:39:02', '2023-07-26 01:39:02'),
(308, 23, 434, 'Sumba Barat', '2023-07-26 01:39:02', '2023-07-26 01:39:02'),
(309, 23, 435, 'Sumba Barat Daya', '2023-07-26 01:39:02', '2023-07-26 01:39:02'),
(310, 23, 436, 'Sumba Tengah', '2023-07-26 01:39:02', '2023-07-26 01:39:02'),
(311, 23, 437, 'Sumba Timur', '2023-07-26 01:39:02', '2023-07-26 01:39:02'),
(312, 23, 479, 'Timor Tengah Selatan', '2023-07-26 01:39:02', '2023-07-26 01:39:02'),
(313, 23, 480, 'Timor Tengah Utara', '2023-07-26 01:39:02', '2023-07-26 01:39:02'),
(314, 24, 16, 'Asmat', '2023-07-26 01:39:03', '2023-07-26 01:39:03'),
(315, 24, 67, 'Biak Numfor', '2023-07-26 01:39:03', '2023-07-26 01:39:03'),
(316, 24, 90, 'Boven Digoel', '2023-07-26 01:39:03', '2023-07-26 01:39:03'),
(317, 24, 111, 'Deiyai (Deliyai)', '2023-07-26 01:39:03', '2023-07-26 01:39:03'),
(318, 24, 117, 'Dogiyai', '2023-07-26 01:39:03', '2023-07-26 01:39:03'),
(319, 24, 150, 'Intan Jaya', '2023-07-26 01:39:03', '2023-07-26 01:39:03'),
(320, 24, 157, 'Jayapura', '2023-07-26 01:39:03', '2023-07-26 01:39:03'),
(321, 24, 158, 'Jayapura', '2023-07-26 01:39:03', '2023-07-26 01:39:03'),
(322, 24, 159, 'Jayawijaya', '2023-07-26 01:39:03', '2023-07-26 01:39:03'),
(323, 24, 180, 'Keerom', '2023-07-26 01:39:03', '2023-07-26 01:39:03'),
(324, 24, 193, 'Kepulauan Yapen (Yapen Waropen)', '2023-07-26 01:39:03', '2023-07-26 01:39:03'),
(325, 24, 231, 'Lanny Jaya', '2023-07-26 01:39:03', '2023-07-26 01:39:03'),
(326, 24, 263, 'Mamberamo Raya', '2023-07-26 01:39:03', '2023-07-26 01:39:03'),
(327, 24, 264, 'Mamberamo Tengah', '2023-07-26 01:39:03', '2023-07-26 01:39:03'),
(328, 24, 274, 'Mappi', '2023-07-26 01:39:03', '2023-07-26 01:39:03'),
(329, 24, 281, 'Merauke', '2023-07-26 01:39:03', '2023-07-26 01:39:03'),
(330, 24, 284, 'Mimika', '2023-07-26 01:39:03', '2023-07-26 01:39:03'),
(331, 24, 299, 'Nabire', '2023-07-26 01:39:03', '2023-07-26 01:39:03'),
(332, 24, 303, 'Nduga', '2023-07-26 01:39:03', '2023-07-26 01:39:03'),
(333, 24, 335, 'Paniai', '2023-07-26 01:39:03', '2023-07-26 01:39:03'),
(334, 24, 347, 'Pegunungan Bintang', '2023-07-26 01:39:03', '2023-07-26 01:39:03'),
(335, 24, 373, 'Puncak', '2023-07-26 01:39:03', '2023-07-26 01:39:03'),
(336, 24, 374, 'Puncak Jaya', '2023-07-26 01:39:03', '2023-07-26 01:39:03'),
(337, 24, 392, 'Sarmi', '2023-07-26 01:39:03', '2023-07-26 01:39:03'),
(338, 24, 443, 'Supiori', '2023-07-26 01:39:03', '2023-07-26 01:39:03'),
(339, 24, 484, 'Tolikara', '2023-07-26 01:39:03', '2023-07-26 01:39:03'),
(340, 24, 495, 'Waropen', '2023-07-26 01:39:03', '2023-07-26 01:39:03'),
(341, 24, 499, 'Yahukimo', '2023-07-26 01:39:03', '2023-07-26 01:39:03'),
(342, 24, 500, 'Yalimo', '2023-07-26 01:39:03', '2023-07-26 01:39:03'),
(343, 25, 124, 'Fakfak', '2023-07-26 01:39:05', '2023-07-26 01:39:05'),
(344, 25, 165, 'Kaimana', '2023-07-26 01:39:05', '2023-07-26 01:39:05'),
(345, 25, 272, 'Manokwari', '2023-07-26 01:39:05', '2023-07-26 01:39:05'),
(346, 25, 273, 'Manokwari Selatan', '2023-07-26 01:39:05', '2023-07-26 01:39:05'),
(347, 25, 277, 'Maybrat', '2023-07-26 01:39:05', '2023-07-26 01:39:05'),
(348, 25, 346, 'Pegunungan Arfak', '2023-07-26 01:39:05', '2023-07-26 01:39:05'),
(349, 25, 378, 'Raja Ampat', '2023-07-26 01:39:05', '2023-07-26 01:39:05'),
(350, 25, 424, 'Sorong', '2023-07-26 01:39:05', '2023-07-26 01:39:05'),
(351, 25, 425, 'Sorong', '2023-07-26 01:39:05', '2023-07-26 01:39:05'),
(352, 25, 426, 'Sorong Selatan', '2023-07-26 01:39:05', '2023-07-26 01:39:05'),
(353, 25, 449, 'Tambrauw', '2023-07-26 01:39:05', '2023-07-26 01:39:05'),
(354, 25, 474, 'Teluk Bintuni', '2023-07-26 01:39:05', '2023-07-26 01:39:05'),
(355, 25, 475, 'Teluk Wondama', '2023-07-26 01:39:05', '2023-07-26 01:39:05'),
(356, 26, 60, 'Bengkalis', '2023-07-26 01:39:06', '2023-07-26 01:39:06'),
(357, 26, 120, 'Dumai', '2023-07-26 01:39:06', '2023-07-26 01:39:06'),
(358, 26, 147, 'Indragiri Hilir', '2023-07-26 01:39:06', '2023-07-26 01:39:06'),
(359, 26, 148, 'Indragiri Hulu', '2023-07-26 01:39:06', '2023-07-26 01:39:06'),
(360, 26, 166, 'Kampar', '2023-07-26 01:39:06', '2023-07-26 01:39:06'),
(361, 26, 187, 'Kepulauan Meranti', '2023-07-26 01:39:06', '2023-07-26 01:39:06'),
(362, 26, 207, 'Kuantan Singingi', '2023-07-26 01:39:06', '2023-07-26 01:39:06'),
(363, 26, 350, 'Pekanbaru', '2023-07-26 01:39:06', '2023-07-26 01:39:06'),
(364, 26, 351, 'Pelalawan', '2023-07-26 01:39:06', '2023-07-26 01:39:06'),
(365, 26, 381, 'Rokan Hilir', '2023-07-26 01:39:06', '2023-07-26 01:39:06'),
(366, 26, 382, 'Rokan Hulu', '2023-07-26 01:39:06', '2023-07-26 01:39:06'),
(367, 26, 406, 'Siak', '2023-07-26 01:39:06', '2023-07-26 01:39:06'),
(368, 27, 253, 'Majene', '2023-07-26 01:39:08', '2023-07-26 01:39:08'),
(369, 27, 262, 'Mamasa', '2023-07-26 01:39:08', '2023-07-26 01:39:08'),
(370, 27, 265, 'Mamuju', '2023-07-26 01:39:08', '2023-07-26 01:39:08'),
(371, 27, 266, 'Mamuju Utara', '2023-07-26 01:39:08', '2023-07-26 01:39:08'),
(372, 27, 362, 'Polewali Mandar', '2023-07-26 01:39:08', '2023-07-26 01:39:08'),
(373, 28, 38, 'Bantaeng', '2023-07-26 01:39:09', '2023-07-26 01:39:09'),
(374, 28, 47, 'Barru', '2023-07-26 01:39:09', '2023-07-26 01:39:09'),
(375, 28, 87, 'Bone', '2023-07-26 01:39:09', '2023-07-26 01:39:09'),
(376, 28, 95, 'Bulukumba', '2023-07-26 01:39:09', '2023-07-26 01:39:09'),
(377, 28, 123, 'Enrekang', '2023-07-26 01:39:09', '2023-07-26 01:39:09'),
(378, 28, 132, 'Gowa', '2023-07-26 01:39:09', '2023-07-26 01:39:09'),
(379, 28, 162, 'Jeneponto', '2023-07-26 01:39:09', '2023-07-26 01:39:09'),
(380, 28, 244, 'Luwu', '2023-07-26 01:39:09', '2023-07-26 01:39:09'),
(381, 28, 245, 'Luwu Timur', '2023-07-26 01:39:09', '2023-07-26 01:39:09'),
(382, 28, 246, 'Luwu Utara', '2023-07-26 01:39:09', '2023-07-26 01:39:09'),
(383, 28, 254, 'Makassar', '2023-07-26 01:39:09', '2023-07-26 01:39:09'),
(384, 28, 275, 'Maros', '2023-07-26 01:39:09', '2023-07-26 01:39:09'),
(385, 28, 328, 'Palopo', '2023-07-26 01:39:09', '2023-07-26 01:39:09'),
(386, 28, 333, 'Pangkajene Kepulauan', '2023-07-26 01:39:09', '2023-07-26 01:39:09'),
(387, 28, 336, 'Parepare', '2023-07-26 01:39:09', '2023-07-26 01:39:09'),
(388, 28, 360, 'Pinrang', '2023-07-26 01:39:09', '2023-07-26 01:39:09'),
(389, 28, 396, 'Selayar (Kepulauan Selayar)', '2023-07-26 01:39:09', '2023-07-26 01:39:09'),
(390, 28, 408, 'Sidenreng Rappang/Rapang', '2023-07-26 01:39:09', '2023-07-26 01:39:09'),
(391, 28, 416, 'Sinjai', '2023-07-26 01:39:09', '2023-07-26 01:39:09'),
(392, 28, 423, 'Soppeng', '2023-07-26 01:39:09', '2023-07-26 01:39:09'),
(393, 28, 448, 'Takalar', '2023-07-26 01:39:09', '2023-07-26 01:39:09'),
(394, 28, 451, 'Tana Toraja', '2023-07-26 01:39:09', '2023-07-26 01:39:09'),
(395, 28, 486, 'Toraja Utara', '2023-07-26 01:39:09', '2023-07-26 01:39:09'),
(396, 28, 493, 'Wajo', '2023-07-26 01:39:09', '2023-07-26 01:39:09'),
(397, 29, 25, 'Banggai', '2023-07-26 01:39:10', '2023-07-26 01:39:10'),
(398, 29, 26, 'Banggai Kepulauan', '2023-07-26 01:39:10', '2023-07-26 01:39:10'),
(399, 29, 98, 'Buol', '2023-07-26 01:39:10', '2023-07-26 01:39:10'),
(400, 29, 119, 'Donggala', '2023-07-26 01:39:10', '2023-07-26 01:39:10'),
(401, 29, 291, 'Morowali', '2023-07-26 01:39:10', '2023-07-26 01:39:10'),
(402, 29, 329, 'Palu', '2023-07-26 01:39:10', '2023-07-26 01:39:10'),
(403, 29, 338, 'Parigi Moutong', '2023-07-26 01:39:10', '2023-07-26 01:39:10'),
(404, 29, 366, 'Poso', '2023-07-26 01:39:10', '2023-07-26 01:39:10'),
(405, 29, 410, 'Sigi', '2023-07-26 01:39:10', '2023-07-26 01:39:10'),
(406, 29, 482, 'Tojo Una-Una', '2023-07-26 01:39:10', '2023-07-26 01:39:10'),
(407, 29, 483, 'Toli-Toli', '2023-07-26 01:39:10', '2023-07-26 01:39:10'),
(408, 30, 53, 'Bau-Bau', '2023-07-26 01:39:11', '2023-07-26 01:39:11'),
(409, 30, 85, 'Bombana', '2023-07-26 01:39:11', '2023-07-26 01:39:11'),
(410, 30, 101, 'Buton', '2023-07-26 01:39:11', '2023-07-26 01:39:11'),
(411, 30, 102, 'Buton Utara', '2023-07-26 01:39:11', '2023-07-26 01:39:11'),
(412, 30, 182, 'Kendari', '2023-07-26 01:39:11', '2023-07-26 01:39:11'),
(413, 30, 198, 'Kolaka', '2023-07-26 01:39:11', '2023-07-26 01:39:11'),
(414, 30, 199, 'Kolaka Utara', '2023-07-26 01:39:11', '2023-07-26 01:39:11'),
(415, 30, 200, 'Konawe', '2023-07-26 01:39:11', '2023-07-26 01:39:11'),
(416, 30, 201, 'Konawe Selatan', '2023-07-26 01:39:11', '2023-07-26 01:39:11'),
(417, 30, 202, 'Konawe Utara', '2023-07-26 01:39:11', '2023-07-26 01:39:11'),
(418, 30, 295, 'Muna', '2023-07-26 01:39:11', '2023-07-26 01:39:11'),
(419, 30, 494, 'Wakatobi', '2023-07-26 01:39:11', '2023-07-26 01:39:11'),
(420, 31, 73, 'Bitung', '2023-07-26 01:39:12', '2023-07-26 01:39:12'),
(421, 31, 81, 'Bolaang Mongondow (Bolmong)', '2023-07-26 01:39:12', '2023-07-26 01:39:12'),
(422, 31, 82, 'Bolaang Mongondow Selatan', '2023-07-26 01:39:12', '2023-07-26 01:39:12'),
(423, 31, 83, 'Bolaang Mongondow Timur', '2023-07-26 01:39:12', '2023-07-26 01:39:12'),
(424, 31, 84, 'Bolaang Mongondow Utara', '2023-07-26 01:39:12', '2023-07-26 01:39:12'),
(425, 31, 188, 'Kepulauan Sangihe', '2023-07-26 01:39:12', '2023-07-26 01:39:12'),
(426, 31, 190, 'Kepulauan Siau Tagulandang Biaro (Sitaro)', '2023-07-26 01:39:12', '2023-07-26 01:39:12'),
(427, 31, 192, 'Kepulauan Talaud', '2023-07-26 01:39:12', '2023-07-26 01:39:12'),
(428, 31, 204, 'Kotamobagu', '2023-07-26 01:39:12', '2023-07-26 01:39:12'),
(429, 31, 267, 'Manado', '2023-07-26 01:39:12', '2023-07-26 01:39:12'),
(430, 31, 285, 'Minahasa', '2023-07-26 01:39:12', '2023-07-26 01:39:12'),
(431, 31, 286, 'Minahasa Selatan', '2023-07-26 01:39:12', '2023-07-26 01:39:12'),
(432, 31, 287, 'Minahasa Tenggara', '2023-07-26 01:39:12', '2023-07-26 01:39:12'),
(433, 31, 288, 'Minahasa Utara', '2023-07-26 01:39:12', '2023-07-26 01:39:12'),
(434, 31, 485, 'Tomohon', '2023-07-26 01:39:12', '2023-07-26 01:39:12'),
(435, 32, 12, 'Agam', '2023-07-26 01:39:13', '2023-07-26 01:39:13'),
(436, 32, 93, 'Bukittinggi', '2023-07-26 01:39:13', '2023-07-26 01:39:13'),
(437, 32, 116, 'Dharmasraya', '2023-07-26 01:39:13', '2023-07-26 01:39:13'),
(438, 32, 186, 'Kepulauan Mentawai', '2023-07-26 01:39:13', '2023-07-26 01:39:13'),
(439, 32, 236, 'Lima Puluh Koto/Kota', '2023-07-26 01:39:13', '2023-07-26 01:39:13'),
(440, 32, 318, 'Padang', '2023-07-26 01:39:13', '2023-07-26 01:39:13'),
(441, 32, 321, 'Padang Panjang', '2023-07-26 01:39:13', '2023-07-26 01:39:13'),
(442, 32, 322, 'Padang Pariaman', '2023-07-26 01:39:13', '2023-07-26 01:39:13'),
(443, 32, 337, 'Pariaman', '2023-07-26 01:39:13', '2023-07-26 01:39:13'),
(444, 32, 339, 'Pasaman', '2023-07-26 01:39:13', '2023-07-26 01:39:13'),
(445, 32, 340, 'Pasaman Barat', '2023-07-26 01:39:13', '2023-07-26 01:39:13'),
(446, 32, 345, 'Payakumbuh', '2023-07-26 01:39:13', '2023-07-26 01:39:13'),
(447, 32, 357, 'Pesisir Selatan', '2023-07-26 01:39:13', '2023-07-26 01:39:13'),
(448, 32, 394, 'Sawah Lunto', '2023-07-26 01:39:13', '2023-07-26 01:39:13'),
(449, 32, 411, 'Sijunjung (Sawah Lunto Sijunjung)', '2023-07-26 01:39:13', '2023-07-26 01:39:13'),
(450, 32, 420, 'Solok', '2023-07-26 01:39:13', '2023-07-26 01:39:13'),
(451, 32, 421, 'Solok', '2023-07-26 01:39:13', '2023-07-26 01:39:13'),
(452, 32, 422, 'Solok Selatan', '2023-07-26 01:39:13', '2023-07-26 01:39:13'),
(453, 32, 453, 'Tanah Datar', '2023-07-26 01:39:13', '2023-07-26 01:39:13'),
(454, 33, 40, 'Banyuasin', '2023-07-26 01:39:16', '2023-07-26 01:39:16'),
(455, 33, 121, 'Empat Lawang', '2023-07-26 01:39:16', '2023-07-26 01:39:16'),
(456, 33, 220, 'Lahat', '2023-07-26 01:39:16', '2023-07-26 01:39:16'),
(457, 33, 242, 'Lubuk Linggau', '2023-07-26 01:39:16', '2023-07-26 01:39:16'),
(458, 33, 292, 'Muara Enim', '2023-07-26 01:39:16', '2023-07-26 01:39:16'),
(459, 33, 297, 'Musi Banyuasin', '2023-07-26 01:39:16', '2023-07-26 01:39:16'),
(460, 33, 298, 'Musi Rawas', '2023-07-26 01:39:16', '2023-07-26 01:39:16'),
(461, 33, 312, 'Ogan Ilir', '2023-07-26 01:39:16', '2023-07-26 01:39:16'),
(462, 33, 313, 'Ogan Komering Ilir', '2023-07-26 01:39:16', '2023-07-26 01:39:16'),
(463, 33, 314, 'Ogan Komering Ulu', '2023-07-26 01:39:16', '2023-07-26 01:39:16'),
(464, 33, 315, 'Ogan Komering Ulu Selatan', '2023-07-26 01:39:16', '2023-07-26 01:39:16'),
(465, 33, 316, 'Ogan Komering Ulu Timur', '2023-07-26 01:39:16', '2023-07-26 01:39:16'),
(466, 33, 324, 'Pagar Alam', '2023-07-26 01:39:16', '2023-07-26 01:39:16'),
(467, 33, 327, 'Palembang', '2023-07-26 01:39:16', '2023-07-26 01:39:16'),
(468, 33, 367, 'Prabumulih', '2023-07-26 01:39:16', '2023-07-26 01:39:16'),
(469, 34, 15, 'Asahan', '2023-07-26 01:39:18', '2023-07-26 01:39:18'),
(470, 34, 52, 'Batu Bara', '2023-07-26 01:39:18', '2023-07-26 01:39:18'),
(471, 34, 70, 'Binjai', '2023-07-26 01:39:18', '2023-07-26 01:39:18'),
(472, 34, 110, 'Dairi', '2023-07-26 01:39:18', '2023-07-26 01:39:18'),
(473, 34, 112, 'Deli Serdang', '2023-07-26 01:39:18', '2023-07-26 01:39:18'),
(474, 34, 137, 'Gunungsitoli', '2023-07-26 01:39:18', '2023-07-26 01:39:18'),
(475, 34, 146, 'Humbang Hasundutan', '2023-07-26 01:39:18', '2023-07-26 01:39:18'),
(476, 34, 173, 'Karo', '2023-07-26 01:39:18', '2023-07-26 01:39:18'),
(477, 34, 217, 'Labuhan Batu', '2023-07-26 01:39:18', '2023-07-26 01:39:18'),
(478, 34, 218, 'Labuhan Batu Selatan', '2023-07-26 01:39:18', '2023-07-26 01:39:18'),
(479, 34, 219, 'Labuhan Batu Utara', '2023-07-26 01:39:18', '2023-07-26 01:39:18'),
(480, 34, 229, 'Langkat', '2023-07-26 01:39:18', '2023-07-26 01:39:18'),
(481, 34, 268, 'Mandailing Natal', '2023-07-26 01:39:18', '2023-07-26 01:39:18'),
(482, 34, 278, 'Medan', '2023-07-26 01:39:18', '2023-07-26 01:39:18'),
(483, 34, 307, 'Nias', '2023-07-26 01:39:18', '2023-07-26 01:39:18'),
(484, 34, 308, 'Nias Barat', '2023-07-26 01:39:18', '2023-07-26 01:39:18'),
(485, 34, 309, 'Nias Selatan', '2023-07-26 01:39:18', '2023-07-26 01:39:18'),
(486, 34, 310, 'Nias Utara', '2023-07-26 01:39:18', '2023-07-26 01:39:18'),
(487, 34, 319, 'Padang Lawas', '2023-07-26 01:39:18', '2023-07-26 01:39:18'),
(488, 34, 320, 'Padang Lawas Utara', '2023-07-26 01:39:18', '2023-07-26 01:39:18'),
(489, 34, 323, 'Padang Sidempuan', '2023-07-26 01:39:18', '2023-07-26 01:39:18'),
(490, 34, 325, 'Pakpak Bharat', '2023-07-26 01:39:18', '2023-07-26 01:39:18'),
(491, 34, 353, 'Pematang Siantar', '2023-07-26 01:39:18', '2023-07-26 01:39:18'),
(492, 34, 389, 'Samosir', '2023-07-26 01:39:18', '2023-07-26 01:39:18'),
(493, 34, 404, 'Serdang Bedagai', '2023-07-26 01:39:18', '2023-07-26 01:39:18'),
(494, 34, 407, 'Sibolga', '2023-07-26 01:39:18', '2023-07-26 01:39:18'),
(495, 34, 413, 'Simalungun', '2023-07-26 01:39:18', '2023-07-26 01:39:18'),
(496, 34, 459, 'Tanjung Balai', '2023-07-26 01:39:18', '2023-07-26 01:39:18'),
(497, 34, 463, 'Tapanuli Selatan', '2023-07-26 01:39:18', '2023-07-26 01:39:18'),
(498, 34, 464, 'Tapanuli Tengah', '2023-07-26 01:39:18', '2023-07-26 01:39:18'),
(499, 34, 465, 'Tapanuli Utara', '2023-07-26 01:39:18', '2023-07-26 01:39:18'),
(500, 34, 470, 'Tebing Tinggi', '2023-07-26 01:39:18', '2023-07-26 01:39:18'),
(501, 34, 481, 'Toba Samosir', '2023-07-26 01:39:18', '2023-07-26 01:39:18');

-- --------------------------------------------------------

--
-- Struktur dari tabel `migrations`
--

CREATE TABLE `migrations` (
  `id` int UNSIGNED NOT NULL,
  `migration` varchar(255) COLLATE utf8mb4_unicode_ci NOT NULL,
  `batch` int NOT NULL
) ENGINE=InnoDB DEFAULT CHARSET=utf8mb4 COLLATE=utf8mb4_unicode_ci;

--
-- Dumping data untuk tabel `migrations`
--

INSERT INTO `migrations` (`id`, `migration`, `batch`) VALUES
(1, '2014_10_12_000000_create_users_table', 1),
(2, '2014_10_12_100000_create_password_resets_table', 1),
(3, '2014_10_12_200000_add_two_factor_columns_to_users_table', 1),
(4, '2019_08_19_000000_create_failed_jobs_table', 1),
(5, '2019_12_14_000001_create_personal_access_tokens_table', 1),
(6, '2022_03_16_045830_create_permission_tables', 1),
(7, '2022_03_17_052318_create_about_table', 1),
(8, '2022_04_15_113853_create_units_table', 1),
(9, '2022_04_15_214436_create_kategori_table', 1),
(10, '2022_04_15_224550_create_produk_table', 1),
(11, '2022_04_16_075042_create_produk_photo_table', 1),
(12, '2022_04_16_154316_create_supplier_table', 1),
(13, '2022_04_16_173541_create_pesan_table', 1),
(14, '2022_04_16_191405_create_setting_toko_table', 1),
(15, '2022_04_16_234034_create_customer_table', 1),
(16, '2022_04_18_153519_create_provinsis_table', 1),
(17, '2022_04_18_153810_create_kota_kabupatens_table', 1),
(18, '2022_04_18_221650_create_pembelian_table', 1),
(19, '2022_04_18_221708_create_pembelian_detail_table', 1),
(20, '2022_04_19_062855_create_customer_alamat_table', 1),
(21, '2022_04_19_062856_create_transaksi_table', 1),
(22, '2022_04_19_062908_create_transaksi_detail_table', 1),
(23, '2022_04_21_065222_create_cara_belanja_table', 1),
(24, '2022_04_23_173532_create_wishlist_table', 1),
(25, '2022_04_25_143604_add_payment_token_to_penjualan_table', 1),
(26, '2022_04_25_213643_create_payments_table', 1);

-- --------------------------------------------------------

--
-- Struktur dari tabel `model_has_permissions`
--

CREATE TABLE `model_has_permissions` (
  `permission_id` bigint UNSIGNED NOT NULL,
  `model_type` varchar(255) COLLATE utf8mb4_unicode_ci NOT NULL,
  `model_id` bigint UNSIGNED NOT NULL
) ENGINE=InnoDB DEFAULT CHARSET=utf8mb4 COLLATE=utf8mb4_unicode_ci;

-- --------------------------------------------------------

--
-- Struktur dari tabel `model_has_roles`
--

CREATE TABLE `model_has_roles` (
  `role_id` bigint UNSIGNED NOT NULL,
  `model_type` varchar(255) COLLATE utf8mb4_unicode_ci NOT NULL,
  `model_id` bigint UNSIGNED NOT NULL
) ENGINE=InnoDB DEFAULT CHARSET=utf8mb4 COLLATE=utf8mb4_unicode_ci;

--
-- Dumping data untuk tabel `model_has_roles`
--

INSERT INTO `model_has_roles` (`role_id`, `model_type`, `model_id`) VALUES
(1, 'App\\Models\\User', 1),
(2, 'App\\Models\\User', 2),
(1, 'App\\Models\\User', 3);

-- --------------------------------------------------------

--
-- Struktur dari tabel `password_resets`
--

CREATE TABLE `password_resets` (
  `email` varchar(255) COLLATE utf8mb4_unicode_ci NOT NULL,
  `token` varchar(255) COLLATE utf8mb4_unicode_ci NOT NULL,
  `created_at` timestamp NULL DEFAULT NULL
) ENGINE=InnoDB DEFAULT CHARSET=utf8mb4 COLLATE=utf8mb4_unicode_ci;

-- --------------------------------------------------------

--
-- Struktur dari tabel `payments`
--

CREATE TABLE `payments` (
  `id` bigint UNSIGNED NOT NULL,
  `number` varchar(255) COLLATE utf8mb4_unicode_ci NOT NULL,
  `amount` decimal(16,2) NOT NULL DEFAULT '0.00',
  `method` varchar(255) COLLATE utf8mb4_unicode_ci NOT NULL,
  `status` varchar(255) COLLATE utf8mb4_unicode_ci DEFAULT NULL,
  `token` varchar(255) COLLATE utf8mb4_unicode_ci DEFAULT NULL,
  `payloads` json DEFAULT NULL,
  `payment_type` varchar(255) COLLATE utf8mb4_unicode_ci DEFAULT NULL,
  `va_number` varchar(255) COLLATE utf8mb4_unicode_ci DEFAULT NULL,
  `vendor_name` varchar(255) COLLATE utf8mb4_unicode_ci DEFAULT NULL,
  `biller_code` varchar(255) COLLATE utf8mb4_unicode_ci DEFAULT NULL,
  `bill_key` varchar(255) COLLATE utf8mb4_unicode_ci DEFAULT NULL,
  `created_at` timestamp NULL DEFAULT NULL,
  `updated_at` timestamp NULL DEFAULT NULL,
  `transaksi_id` bigint UNSIGNED NOT NULL
) ENGINE=InnoDB DEFAULT CHARSET=utf8mb4 COLLATE=utf8mb4_unicode_ci;

-- --------------------------------------------------------

--
-- Struktur dari tabel `pembelian`
--

CREATE TABLE `pembelian` (
  `id` bigint UNSIGNED NOT NULL,
  `kode_pembelian` varchar(20) COLLATE utf8mb4_unicode_ci NOT NULL,
  `supplier_id` bigint UNSIGNED NOT NULL,
  `tanggal` date NOT NULL,
  `grand_total` int NOT NULL,
  `diskon` int NOT NULL DEFAULT '0',
  `total` int NOT NULL,
  `catatan` varchar(255) COLLATE utf8mb4_unicode_ci DEFAULT NULL,
  `status_bayar` varchar(255) COLLATE utf8mb4_unicode_ci NOT NULL,
  `created_at` timestamp NULL DEFAULT NULL,
  `updated_at` timestamp NULL DEFAULT NULL
) ENGINE=InnoDB DEFAULT CHARSET=utf8mb4 COLLATE=utf8mb4_unicode_ci;

--
-- Dumping data untuk tabel `pembelian`
--

INSERT INTO `pembelian` (`id`, `kode_pembelian`, `supplier_id`, `tanggal`, `grand_total`, `diskon`, `total`, `catatan`, `status_bayar`, `created_at`, `updated_at`) VALUES
(1, 'P001', 1, '2023-07-26', 1000000, 0, 1000000, 'Catatan', 'Belum Bayar', '2023-07-26 01:39:18', '2023-07-26 01:39:18'),
(2, '280723', 1, '2023-07-28', 25000000, 0, 25000000, NULL, 'Sudah Bayar', '2023-07-27 22:50:40', '2023-07-27 22:50:59');

-- --------------------------------------------------------

--
-- Struktur dari tabel `pembelian_detail`
--

CREATE TABLE `pembelian_detail` (
  `id` bigint UNSIGNED NOT NULL,
  `pembelian_id` bigint UNSIGNED NOT NULL,
  `produk_id` bigint UNSIGNED NOT NULL,
  `created_at` timestamp NULL DEFAULT NULL,
  `updated_at` timestamp NULL DEFAULT NULL,
  `harga` int NOT NULL,
  `qty` int NOT NULL,
  `sub_total` int NOT NULL
) ENGINE=InnoDB DEFAULT CHARSET=utf8mb4 COLLATE=utf8mb4_unicode_ci;

--
-- Dumping data untuk tabel `pembelian_detail`
--

INSERT INTO `pembelian_detail` (`id`, `pembelian_id`, `produk_id`, `created_at`, `updated_at`, `harga`, `qty`, `sub_total`) VALUES
(1, 2, 2, '2023-07-27 22:50:40', '2023-07-27 22:50:40', 500000, 50, 25000000);

-- --------------------------------------------------------

--
-- Struktur dari tabel `permissions`
--

CREATE TABLE `permissions` (
  `id` bigint UNSIGNED NOT NULL,
  `name` varchar(255) COLLATE utf8mb4_unicode_ci NOT NULL,
  `guard_name` varchar(255) COLLATE utf8mb4_unicode_ci NOT NULL,
  `created_at` timestamp NULL DEFAULT NULL,
  `updated_at` timestamp NULL DEFAULT NULL
) ENGINE=InnoDB DEFAULT CHARSET=utf8mb4 COLLATE=utf8mb4_unicode_ci;

--
-- Dumping data untuk tabel `permissions`
--

INSERT INTO `permissions` (`id`, `name`, `guard_name`, `created_at`, `updated_at`) VALUES
(1, 'user_show', 'web', '2023-07-26 01:38:33', '2023-07-26 01:38:33'),
(2, 'user_create', 'web', '2023-07-26 01:38:33', '2023-07-26 01:38:33'),
(3, 'user_update', 'web', '2023-07-26 01:38:33', '2023-07-26 01:38:33'),
(4, 'user_delete', 'web', '2023-07-26 01:38:33', '2023-07-26 01:38:33'),
(5, 'role_show', 'web', '2023-07-26 01:38:33', '2023-07-26 01:38:33'),
(6, 'role_create', 'web', '2023-07-26 01:38:33', '2023-07-26 01:38:33'),
(7, 'role_update', 'web', '2023-07-26 01:38:33', '2023-07-26 01:38:33'),
(8, 'role_delete', 'web', '2023-07-26 01:38:33', '2023-07-26 01:38:33'),
(9, 'role_detail', 'web', '2023-07-26 01:38:33', '2023-07-26 01:38:33'),
(10, 'unit_show', 'web', '2023-07-26 01:38:33', '2023-07-26 01:38:33'),
(11, 'unit_create', 'web', '2023-07-26 01:38:33', '2023-07-26 01:38:33'),
(12, 'unit_update', 'web', '2023-07-26 01:38:33', '2023-07-26 01:38:33'),
(13, 'unit_delete', 'web', '2023-07-26 01:38:33', '2023-07-26 01:38:33'),
(14, 'kategori_show', 'web', '2023-07-26 01:38:33', '2023-07-26 01:38:33'),
(15, 'kategori_create', 'web', '2023-07-26 01:38:33', '2023-07-26 01:38:33'),
(16, 'kategori_update', 'web', '2023-07-26 01:38:33', '2023-07-26 01:38:33'),
(17, 'kategori_delete', 'web', '2023-07-26 01:38:33', '2023-07-26 01:38:33'),
(18, 'produk_show', 'web', '2023-07-26 01:38:33', '2023-07-26 01:38:33'),
(19, 'produk_create', 'web', '2023-07-26 01:38:33', '2023-07-26 01:38:33'),
(20, 'produk_update', 'web', '2023-07-26 01:38:33', '2023-07-26 01:38:33'),
(21, 'produk_delete', 'web', '2023-07-26 01:38:33', '2023-07-26 01:38:33'),
(22, 'photo_view', 'web', '2023-07-26 01:38:33', '2023-07-26 01:38:33'),
(23, 'supplier_show', 'web', '2023-07-26 01:38:33', '2023-07-26 01:38:33'),
(24, 'supplier_create', 'web', '2023-07-26 01:38:33', '2023-07-26 01:38:33'),
(25, 'supplier_update', 'web', '2023-07-26 01:38:33', '2023-07-26 01:38:33'),
(26, 'supplier_delete', 'web', '2023-07-26 01:38:33', '2023-07-26 01:38:33'),
(27, 'pesan_show', 'web', '2023-07-26 01:38:33', '2023-07-26 01:38:33'),
(28, 'pesan_create', 'web', '2023-07-26 01:38:33', '2023-07-26 01:38:33'),
(29, 'pesan_update', 'web', '2023-07-26 01:38:33', '2023-07-26 01:38:33'),
(30, 'pesan_delete', 'web', '2023-07-26 01:38:33', '2023-07-26 01:38:33'),
(31, 'customer_show', 'web', '2023-07-26 01:38:33', '2023-07-26 01:38:33'),
(32, 'customer_create', 'web', '2023-07-26 01:38:33', '2023-07-26 01:38:33'),
(33, 'customer_update', 'web', '2023-07-26 01:38:33', '2023-07-26 01:38:33'),
(34, 'customer_delete', 'web', '2023-07-26 01:38:33', '2023-07-26 01:38:33'),
(35, 'address_show', 'web', '2023-07-26 01:38:33', '2023-07-26 01:38:33'),
(36, 'address_create', 'web', '2023-07-26 01:38:33', '2023-07-26 01:38:33'),
(37, 'address_update', 'web', '2023-07-26 01:38:33', '2023-07-26 01:38:33'),
(38, 'address_delete', 'web', '2023-07-26 01:38:33', '2023-07-26 01:38:33'),
(39, 'toko_show', 'web', '2023-07-26 01:38:33', '2023-07-26 01:38:33'),
(40, 'toko_update', 'web', '2023-07-26 01:38:33', '2023-07-26 01:38:33'),
(41, 'pembelian_show', 'web', '2023-07-26 01:38:33', '2023-07-26 01:38:33'),
(42, 'pembelian_create', 'web', '2023-07-26 01:38:33', '2023-07-26 01:38:33'),
(43, 'pembelian_update', 'web', '2023-07-26 01:38:33', '2023-07-26 01:38:33'),
(44, 'pembelian_delete', 'web', '2023-07-26 01:38:33', '2023-07-26 01:38:33'),
(45, 'update_pembayaran', 'web', '2023-07-26 01:38:33', '2023-07-26 01:38:33'),
(46, 'transaksi_show', 'web', '2023-07-26 01:38:33', '2023-07-26 01:38:33'),
(47, 'transaksi_delete', 'web', '2023-07-26 01:38:33', '2023-07-26 01:38:33'),
(48, 'transaksi_detail', 'web', '2023-07-26 01:38:33', '2023-07-26 01:38:33'),
(49, 'update_invoice', 'web', '2023-07-26 01:38:33', '2023-07-26 01:38:33'),
(50, 'belanja_show', 'web', '2023-07-26 01:38:33', '2023-07-26 01:38:33'),
(51, 'belanja_create', 'web', '2023-07-26 01:38:33', '2023-07-26 01:38:33'),
(52, 'belanja_update', 'web', '2023-07-26 01:38:33', '2023-07-26 01:38:33'),
(53, 'belanja_delete', 'web', '2023-07-26 01:38:33', '2023-07-26 01:38:33');

-- --------------------------------------------------------

--
-- Struktur dari tabel `personal_access_tokens`
--

CREATE TABLE `personal_access_tokens` (
  `id` bigint UNSIGNED NOT NULL,
  `tokenable_type` varchar(255) COLLATE utf8mb4_unicode_ci NOT NULL,
  `tokenable_id` bigint UNSIGNED NOT NULL,
  `name` varchar(255) COLLATE utf8mb4_unicode_ci NOT NULL,
  `token` varchar(64) COLLATE utf8mb4_unicode_ci NOT NULL,
  `abilities` text COLLATE utf8mb4_unicode_ci,
  `last_used_at` timestamp NULL DEFAULT NULL,
  `created_at` timestamp NULL DEFAULT NULL,
  `updated_at` timestamp NULL DEFAULT NULL
) ENGINE=InnoDB DEFAULT CHARSET=utf8mb4 COLLATE=utf8mb4_unicode_ci;

-- --------------------------------------------------------

--
-- Struktur dari tabel `pesan`
--

CREATE TABLE `pesan` (
  `id` bigint UNSIGNED NOT NULL,
  `nama` varchar(255) COLLATE utf8mb4_unicode_ci NOT NULL,
  `judul` varchar(255) COLLATE utf8mb4_unicode_ci NOT NULL,
  `telpon` varchar(255) COLLATE utf8mb4_unicode_ci DEFAULT NULL,
  `email` varchar(255) COLLATE utf8mb4_unicode_ci NOT NULL,
  `deskripsi` text COLLATE utf8mb4_unicode_ci NOT NULL,
  `is_read` tinyint NOT NULL DEFAULT '0',
  `created_at` timestamp NULL DEFAULT NULL,
  `updated_at` timestamp NULL DEFAULT NULL
) ENGINE=InnoDB DEFAULT CHARSET=utf8mb4 COLLATE=utf8mb4_unicode_ci;

--
-- Dumping data untuk tabel `pesan`
--

INSERT INTO `pesan` (`id`, `nama`, `judul`, `telpon`, `email`, `deskripsi`, `is_read`, `created_at`, `updated_at`) VALUES
(1, 'Ramdan', 'Tanya Sesuatu', '083874731480', 'saepulramdan244@gmail.com', 'Tanya', 0, '2023-07-26 01:39:18', '2023-07-26 01:39:18');

-- --------------------------------------------------------

--
-- Struktur dari tabel `produk`
--

CREATE TABLE `produk` (
  `id` bigint UNSIGNED NOT NULL,
  `kode_produk` varchar(255) COLLATE utf8mb4_unicode_ci NOT NULL,
  `nama` varchar(255) COLLATE utf8mb4_unicode_ci NOT NULL,
  `slug` varchar(255) COLLATE utf8mb4_unicode_ci NOT NULL,
  `unit_id` bigint UNSIGNED NOT NULL,
  `kategori_id` bigint UNSIGNED NOT NULL,
  `berat` int NOT NULL,
  `deskripsi` longtext COLLATE utf8mb4_unicode_ci,
  `harga` int NOT NULL,
  `qty` int NOT NULL,
  `created_at` timestamp NULL DEFAULT NULL,
  `updated_at` timestamp NULL DEFAULT NULL
) ENGINE=InnoDB DEFAULT CHARSET=utf8mb4 COLLATE=utf8mb4_unicode_ci;

--
-- Dumping data untuk tabel `produk`
--

INSERT INTO `produk` (`id`, `kode_produk`, `nama`, `slug`, `unit_id`, `kategori_id`, `berat`, `deskripsi`, `harga`, `qty`, `created_at`, `updated_at`) VALUES
(1, 'Ut', 'Rigoberto Schuster', 'Pariatur', 1, 1, 1000, 'Culpa', 691, 8, '2023-07-26 01:38:34', '2023-07-26 01:38:34'),
(2, '110011', 'Cilok lele', 'cilok-lele', 2, 18, 100, 'anjay cilok lele sudah ready gan silahkan di order sekarang juga mumpung masih anget gaessss gaskennn', 500000, 50, '2023-07-27 22:49:55', '2023-07-27 22:51:00');

-- --------------------------------------------------------

--
-- Struktur dari tabel `produk_photo`
--

CREATE TABLE `produk_photo` (
  `id` bigint UNSIGNED NOT NULL,
  `produk_id` bigint UNSIGNED NOT NULL,
  `photo` varchar(255) COLLATE utf8mb4_unicode_ci NOT NULL,
  `created_at` timestamp NULL DEFAULT NULL,
  `updated_at` timestamp NULL DEFAULT NULL
) ENGINE=InnoDB DEFAULT CHARSET=utf8mb4 COLLATE=utf8mb4_unicode_ci;

--
-- Dumping data untuk tabel `produk_photo`
--

INSERT INTO `produk_photo` (`id`, `produk_id`, `photo`, `created_at`, `updated_at`) VALUES
(1, 1, '1pOBhoisiEojbkXFDiGqBsmxY2rXqQpYqVFkeAJz', NULL, NULL),
(2, 2, 'JVYz16EtVcCDWzy8Ht5juuGf2OtC3lIXA5fvoeOx.jpg', NULL, NULL);

-- --------------------------------------------------------

--
-- Struktur dari tabel `provinsis`
--

CREATE TABLE `provinsis` (
  `id` bigint UNSIGNED NOT NULL,
  `provinsi_id` int UNSIGNED NOT NULL,
  `nama` varchar(255) COLLATE utf8mb4_unicode_ci NOT NULL,
  `created_at` timestamp NULL DEFAULT NULL,
  `updated_at` timestamp NULL DEFAULT NULL
) ENGINE=InnoDB DEFAULT CHARSET=utf8mb4 COLLATE=utf8mb4_unicode_ci;

--
-- Dumping data untuk tabel `provinsis`
--

INSERT INTO `provinsis` (`id`, `provinsi_id`, `nama`, `created_at`, `updated_at`) VALUES
(1, 1, 'Bali', '2023-07-26 01:38:35', '2023-07-26 01:38:35'),
(2, 2, 'Bangka Belitung', '2023-07-26 01:38:36', '2023-07-26 01:38:36'),
(3, 3, 'Banten', '2023-07-26 01:38:37', '2023-07-26 01:38:37'),
(4, 4, 'Bengkulu', '2023-07-26 01:38:38', '2023-07-26 01:38:38'),
(5, 5, 'DI Yogyakarta', '2023-07-26 01:38:39', '2023-07-26 01:38:39'),
(6, 6, 'DKI Jakarta', '2023-07-26 01:38:41', '2023-07-26 01:38:41'),
(7, 7, 'Gorontalo', '2023-07-26 01:38:42', '2023-07-26 01:38:42'),
(8, 8, 'Jambi', '2023-07-26 01:38:43', '2023-07-26 01:38:43'),
(9, 9, 'Jawa Barat', '2023-07-26 01:38:44', '2023-07-26 01:38:44'),
(10, 10, 'Jawa Tengah', '2023-07-26 01:38:45', '2023-07-26 01:38:45'),
(11, 11, 'Jawa Timur', '2023-07-26 01:38:46', '2023-07-26 01:38:46'),
(12, 12, 'Kalimantan Barat', '2023-07-26 01:38:48', '2023-07-26 01:38:48'),
(13, 13, 'Kalimantan Selatan', '2023-07-26 01:38:49', '2023-07-26 01:38:49'),
(14, 14, 'Kalimantan Tengah', '2023-07-26 01:38:50', '2023-07-26 01:38:50'),
(15, 15, 'Kalimantan Timur', '2023-07-26 01:38:51', '2023-07-26 01:38:51'),
(16, 16, 'Kalimantan Utara', '2023-07-26 01:38:52', '2023-07-26 01:38:52'),
(17, 17, 'Kepulauan Riau', '2023-07-26 01:38:54', '2023-07-26 01:38:54'),
(18, 18, 'Lampung', '2023-07-26 01:38:55', '2023-07-26 01:38:55'),
(19, 19, 'Maluku', '2023-07-26 01:38:56', '2023-07-26 01:38:56'),
(20, 20, 'Maluku Utara', '2023-07-26 01:38:57', '2023-07-26 01:38:57'),
(21, 21, 'Nanggroe Aceh Darussalam (NAD)', '2023-07-26 01:38:58', '2023-07-26 01:38:58'),
(22, 22, 'Nusa Tenggara Barat (NTB)', '2023-07-26 01:39:00', '2023-07-26 01:39:00'),
(23, 23, 'Nusa Tenggara Timur (NTT)', '2023-07-26 01:39:01', '2023-07-26 01:39:01'),
(24, 24, 'Papua', '2023-07-26 01:39:02', '2023-07-26 01:39:02'),
(25, 25, 'Papua Barat', '2023-07-26 01:39:03', '2023-07-26 01:39:03'),
(26, 26, 'Riau', '2023-07-26 01:39:05', '2023-07-26 01:39:05'),
(27, 27, 'Sulawesi Barat', '2023-07-26 01:39:06', '2023-07-26 01:39:06'),
(28, 28, 'Sulawesi Selatan', '2023-07-26 01:39:08', '2023-07-26 01:39:08'),
(29, 29, 'Sulawesi Tengah', '2023-07-26 01:39:09', '2023-07-26 01:39:09'),
(30, 30, 'Sulawesi Tenggara', '2023-07-26 01:39:10', '2023-07-26 01:39:10'),
(31, 31, 'Sulawesi Utara', '2023-07-26 01:39:11', '2023-07-26 01:39:11'),
(32, 32, 'Sumatera Barat', '2023-07-26 01:39:12', '2023-07-26 01:39:12'),
(33, 33, 'Sumatera Selatan', '2023-07-26 01:39:14', '2023-07-26 01:39:14'),
(34, 34, 'Sumatera Utara', '2023-07-26 01:39:16', '2023-07-26 01:39:16');

-- --------------------------------------------------------

--
-- Struktur dari tabel `roles`
--

CREATE TABLE `roles` (
  `id` bigint UNSIGNED NOT NULL,
  `name` varchar(255) COLLATE utf8mb4_unicode_ci NOT NULL,
  `guard_name` varchar(255) COLLATE utf8mb4_unicode_ci NOT NULL,
  `created_at` timestamp NULL DEFAULT NULL,
  `updated_at` timestamp NULL DEFAULT NULL
) ENGINE=InnoDB DEFAULT CHARSET=utf8mb4 COLLATE=utf8mb4_unicode_ci;

--
-- Dumping data untuk tabel `roles`
--

INSERT INTO `roles` (`id`, `name`, `guard_name`, `created_at`, `updated_at`) VALUES
(1, 'Super Admin', 'web', '2023-07-26 01:38:33', '2023-07-26 01:38:33'),
(2, 'Admin Olshop', 'web', '2023-07-26 01:38:34', '2023-07-26 01:38:34');

-- --------------------------------------------------------

--
-- Struktur dari tabel `role_has_permissions`
--

CREATE TABLE `role_has_permissions` (
  `permission_id` bigint UNSIGNED NOT NULL,
  `role_id` bigint UNSIGNED NOT NULL
) ENGINE=InnoDB DEFAULT CHARSET=utf8mb4 COLLATE=utf8mb4_unicode_ci;

--
-- Dumping data untuk tabel `role_has_permissions`
--

INSERT INTO `role_has_permissions` (`permission_id`, `role_id`) VALUES
(1, 1),
(2, 1),
(3, 1),
(4, 1),
(5, 1),
(6, 1),
(7, 1),
(8, 1),
(9, 1),
(10, 1),
(11, 1),
(12, 1),
(13, 1),
(14, 1),
(15, 1),
(16, 1),
(17, 1),
(18, 1),
(19, 1),
(20, 1),
(21, 1),
(22, 1),
(23, 1),
(24, 1),
(25, 1),
(26, 1),
(27, 1),
(28, 1),
(29, 1),
(30, 1),
(31, 1),
(32, 1),
(33, 1),
(34, 1),
(35, 1),
(36, 1),
(37, 1),
(38, 1),
(39, 1),
(40, 1),
(41, 1),
(42, 1),
(43, 1),
(44, 1),
(45, 1),
(46, 1),
(47, 1),
(48, 1),
(49, 1),
(50, 1),
(51, 1),
(52, 1),
(53, 1);

-- --------------------------------------------------------

--
-- Struktur dari tabel `setting_toko`
--

CREATE TABLE `setting_toko` (
  `id` bigint UNSIGNED NOT NULL,
  `nama_toko` varchar(255) COLLATE utf8mb4_unicode_ci NOT NULL,
  `logo` varchar(255) COLLATE utf8mb4_unicode_ci NOT NULL,
  `telpon` varchar(255) COLLATE utf8mb4_unicode_ci NOT NULL,
  `email` varchar(255) COLLATE utf8mb4_unicode_ci NOT NULL,
  `alamat` varchar(255) COLLATE utf8mb4_unicode_ci NOT NULL,
  `deskripsi` text COLLATE utf8mb4_unicode_ci NOT NULL,
  `created_at` timestamp NULL DEFAULT NULL,
  `updated_at` timestamp NULL DEFAULT NULL
) ENGINE=InnoDB DEFAULT CHARSET=utf8mb4 COLLATE=utf8mb4_unicode_ci;

--
-- Dumping data untuk tabel `setting_toko`
--

INSERT INTO `setting_toko` (`id`, `nama_toko`, `logo`, `telpon`, `email`, `alamat`, `deskripsi`, `created_at`, `updated_at`) VALUES
(1, 'Exa Computer', '', '087881998145', 'exakomputerr@gmail.com', 'Jl. Tlogosari Raya Ruko Anda KAV 6, Tlogosari Kulon, Kec. Pedurungan, Kota Semarang, Semarang, Jawa Tengah 50196', 'Lorem Ipsum is simply dummy text of the printing and typesetting industry. Lorem Ipsum has been the industrys standard dummy text ever since the 1500s, when an unknown printer took a galley of type and scrambled it to make a type specimen book.', '2023-07-26 01:38:34', '2023-07-26 01:38:34');

-- --------------------------------------------------------

--
-- Struktur dari tabel `supplier`
--

CREATE TABLE `supplier` (
  `id` bigint UNSIGNED NOT NULL,
  `kode_supplier` varchar(255) COLLATE utf8mb4_unicode_ci NOT NULL,
  `nama` varchar(100) COLLATE utf8mb4_unicode_ci NOT NULL,
  `alamat` varchar(255) COLLATE utf8mb4_unicode_ci NOT NULL,
  `telpon` varchar(255) COLLATE utf8mb4_unicode_ci NOT NULL,
  `email` varchar(255) COLLATE utf8mb4_unicode_ci NOT NULL,
  `created_at` timestamp NULL DEFAULT NULL,
  `updated_at` timestamp NULL DEFAULT NULL
) ENGINE=InnoDB DEFAULT CHARSET=utf8mb4 COLLATE=utf8mb4_unicode_ci;

--
-- Dumping data untuk tabel `supplier`
--

INSERT INTO `supplier` (`id`, `kode_supplier`, `nama`, `alamat`, `telpon`, `email`, `created_at`, `updated_at`) VALUES
(1, 'SUP-001', 'PT ABC', 'Bogor', '083874731480', 'saepulramdan244@gmail.com', '2023-07-26 01:38:34', '2023-07-26 01:38:34');

-- --------------------------------------------------------

--
-- Struktur dari tabel `transaksi`
--

CREATE TABLE `transaksi` (
  `id` bigint UNSIGNED NOT NULL,
  `invoice` varchar(50) COLLATE utf8mb4_unicode_ci NOT NULL,
  `customer_id` bigint UNSIGNED NOT NULL,
  `customer_alamat_id` bigint UNSIGNED NOT NULL,
  `tanggal_pembelian` date NOT NULL,
  `sub_total` int NOT NULL,
  `ongkir` int NOT NULL,
  `diskon` int DEFAULT NULL,
  `grand_total` int NOT NULL,
  `catatan` varchar(255) COLLATE utf8mb4_unicode_ci DEFAULT NULL,
  `status` varchar(30) COLLATE utf8mb4_unicode_ci NOT NULL,
  `status_bayar` varchar(30) COLLATE utf8mb4_unicode_ci NOT NULL,
  `payment_token` varchar(255) COLLATE utf8mb4_unicode_ci DEFAULT NULL,
  `payment_url` varchar(255) COLLATE utf8mb4_unicode_ci DEFAULT NULL,
  `jasa_kirim` varchar(30) COLLATE utf8mb4_unicode_ci NOT NULL,
  `berat_total` int NOT NULL,
  `no_resi` varchar(50) COLLATE utf8mb4_unicode_ci DEFAULT NULL,
  `created_at` timestamp NULL DEFAULT NULL,
  `updated_at` timestamp NULL DEFAULT NULL
) ENGINE=InnoDB DEFAULT CHARSET=utf8mb4 COLLATE=utf8mb4_unicode_ci;

--
-- Dumping data untuk tabel `transaksi`
--

INSERT INTO `transaksi` (`id`, `invoice`, `customer_id`, `customer_alamat_id`, `tanggal_pembelian`, `sub_total`, `ongkir`, `diskon`, `grand_total`, `catatan`, `status`, `status_bayar`, `payment_token`, `payment_url`, `jasa_kirim`, `berat_total`, `no_resi`, `created_at`, `updated_at`) VALUES
(1, 'INV-260723-000001', 2, 2, '2023-07-26', 691, 11000, 0, 11691, NULL, 'created', 'unpaid', 'a1fa5939-00dd-47c7-b7d4-621f8dd1781a', 'https://app.sandbox.midtrans.com/snap/v3/redirection/a1fa5939-00dd-47c7-b7d4-621f8dd1781a', 'jne', 1000, NULL, '2023-07-26 01:44:34', '2023-07-26 01:44:36'),
(2, 'INV-280723-000002', 3, 3, '2023-07-28', 2500000, 11000, 0, 2500000, NULL, 'created', 'unpaid', '0865c214-2cf8-4e47-8a47-3d3d9ea29512', 'https://app.sandbox.midtrans.com/snap/v3/redirection/0865c214-2cf8-4e47-8a47-3d3d9ea29512', 'jne', 500, NULL, '2023-07-27 22:54:03', '2023-07-27 22:54:06');

-- --------------------------------------------------------

--
-- Struktur dari tabel `transaksi_detail`
--

CREATE TABLE `transaksi_detail` (
  `id` bigint UNSIGNED NOT NULL,
  `transaksi_id` bigint UNSIGNED NOT NULL,
  `produk_id` bigint UNSIGNED NOT NULL,
  `harga` int NOT NULL,
  `qty` int NOT NULL,
  `sub_total` int NOT NULL,
  `created_at` timestamp NULL DEFAULT NULL,
  `updated_at` timestamp NULL DEFAULT NULL
) ENGINE=InnoDB DEFAULT CHARSET=utf8mb4 COLLATE=utf8mb4_unicode_ci;

--
-- Dumping data untuk tabel `transaksi_detail`
--

INSERT INTO `transaksi_detail` (`id`, `transaksi_id`, `produk_id`, `harga`, `qty`, `sub_total`, `created_at`, `updated_at`) VALUES
(1, 1, 1, 691, 1, 691, '2023-07-26 01:44:34', '2023-07-26 01:44:34'),
(2, 2, 2, 500000, 5, 2500000, '2023-07-27 22:54:03', '2023-07-27 22:54:03');

-- --------------------------------------------------------

--
-- Struktur dari tabel `units`
--

CREATE TABLE `units` (
  `id` bigint UNSIGNED NOT NULL,
  `nama_unit` varchar(50) COLLATE utf8mb4_unicode_ci NOT NULL,
  `created_at` timestamp NULL DEFAULT NULL,
  `updated_at` timestamp NULL DEFAULT NULL
) ENGINE=InnoDB DEFAULT CHARSET=utf8mb4 COLLATE=utf8mb4_unicode_ci;

--
-- Dumping data untuk tabel `units`
--

INSERT INTO `units` (`id`, `nama_unit`, `created_at`, `updated_at`) VALUES
(1, 'PCS', '2023-07-26 01:38:34', '2023-07-26 01:38:34'),
(2, 'Roll', '2023-07-26 01:38:34', '2023-07-26 01:38:34'),
(3, 'Meter', '2023-07-26 01:38:34', '2023-07-26 01:38:34');

-- --------------------------------------------------------

--
-- Struktur dari tabel `users`
--

CREATE TABLE `users` (
  `id` bigint UNSIGNED NOT NULL,
  `name` varchar(255) COLLATE utf8mb4_unicode_ci NOT NULL,
  `email` varchar(255) COLLATE utf8mb4_unicode_ci NOT NULL,
  `email_verified_at` timestamp NULL DEFAULT NULL,
  `password` varchar(255) COLLATE utf8mb4_unicode_ci NOT NULL,
  `two_factor_secret` text COLLATE utf8mb4_unicode_ci,
  `two_factor_recovery_codes` text COLLATE utf8mb4_unicode_ci,
  `remember_token` varchar(100) COLLATE utf8mb4_unicode_ci DEFAULT NULL,
  `created_at` timestamp NULL DEFAULT NULL,
  `updated_at` timestamp NULL DEFAULT NULL
) ENGINE=InnoDB DEFAULT CHARSET=utf8mb4 COLLATE=utf8mb4_unicode_ci;

--
-- Dumping data untuk tabel `users`
--

INSERT INTO `users` (`id`, `name`, `email`, `email_verified_at`, `password`, `two_factor_secret`, `two_factor_recovery_codes`, `remember_token`, `created_at`, `updated_at`) VALUES
(1, 'Super Admin', 'ms.rajay21@gmail.com', NULL, '$2y$10$JUpr/vRT8UzlRw60MHePvuAeDouxE.trvEzf.Toh4WLiHZlu8spJu', NULL, NULL, 'u28mLtmnnA', '2023-07-26 01:38:33', '2023-07-26 01:38:33'),
(2, 'Anisa Rahmawati', 'anisa@gmail.com', NULL, '$2y$10$Er/73OLyCwWbynVz61j6S.RXu.kahJk5DsLCqjhaCcn5rpZdDg5ce', NULL, NULL, '135p82uNsm', '2023-07-26 01:38:33', '2023-07-26 01:38:33'),
(3, 'Heru Dwi Cahya', 'herudc@gmail.com', NULL, '$2y$10$YAFeYjMBsnPLjIJx.khJV.ACtMRa45ftD.fA5wS1Nv7O52lW18spa', NULL, NULL, '2Lpe6jpcr0', '2023-07-26 01:38:33', '2023-07-26 01:38:33');

-- --------------------------------------------------------

--
-- Struktur dari tabel `wishlist`
--

CREATE TABLE `wishlist` (
  `id` bigint UNSIGNED NOT NULL,
  `produk_id` bigint UNSIGNED NOT NULL,
  `customer_id` bigint UNSIGNED NOT NULL,
  `created_at` timestamp NULL DEFAULT NULL,
  `updated_at` timestamp NULL DEFAULT NULL
) ENGINE=InnoDB DEFAULT CHARSET=utf8mb4 COLLATE=utf8mb4_unicode_ci;

--
-- Indexes for dumped tables
--

--
-- Indeks untuk tabel `about`
--
ALTER TABLE `about`
  ADD PRIMARY KEY (`id`);

--
-- Indeks untuk tabel `cara_belanja`
--
ALTER TABLE `cara_belanja`
  ADD PRIMARY KEY (`id`);

--
-- Indeks untuk tabel `customer`
--
ALTER TABLE `customer`
  ADD PRIMARY KEY (`id`);

--
-- Indeks untuk tabel `customer_alamat`
--
ALTER TABLE `customer_alamat`
  ADD PRIMARY KEY (`id`),
  ADD KEY `customer_alamat_customer_id_foreign` (`customer_id`),
  ADD KEY `customer_alamat_provinsi_id_foreign` (`provinsi_id`),
  ADD KEY `customer_alamat_kota_id_foreign` (`kota_id`);

--
-- Indeks untuk tabel `failed_jobs`
--
ALTER TABLE `failed_jobs`
  ADD PRIMARY KEY (`id`),
  ADD UNIQUE KEY `failed_jobs_uuid_unique` (`uuid`);

--
-- Indeks untuk tabel `kategori`
--
ALTER TABLE `kategori`
  ADD PRIMARY KEY (`id`);

--
-- Indeks untuk tabel `kota_kabupatens`
--
ALTER TABLE `kota_kabupatens`
  ADD PRIMARY KEY (`id`);

--
-- Indeks untuk tabel `migrations`
--
ALTER TABLE `migrations`
  ADD PRIMARY KEY (`id`);

--
-- Indeks untuk tabel `model_has_permissions`
--
ALTER TABLE `model_has_permissions`
  ADD PRIMARY KEY (`permission_id`,`model_id`,`model_type`),
  ADD KEY `model_has_permissions_model_id_model_type_index` (`model_id`,`model_type`);

--
-- Indeks untuk tabel `model_has_roles`
--
ALTER TABLE `model_has_roles`
  ADD PRIMARY KEY (`role_id`,`model_id`,`model_type`),
  ADD KEY `model_has_roles_model_id_model_type_index` (`model_id`,`model_type`);

--
-- Indeks untuk tabel `password_resets`
--
ALTER TABLE `password_resets`
  ADD KEY `password_resets_email_index` (`email`);

--
-- Indeks untuk tabel `payments`
--
ALTER TABLE `payments`
  ADD PRIMARY KEY (`id`),
  ADD UNIQUE KEY `payments_number_unique` (`number`),
  ADD KEY `payments_transaksi_id_foreign` (`transaksi_id`),
  ADD KEY `payments_number_index` (`number`),
  ADD KEY `payments_method_index` (`method`),
  ADD KEY `payments_token_index` (`token`),
  ADD KEY `payments_payment_type_index` (`payment_type`);

--
-- Indeks untuk tabel `pembelian`
--
ALTER TABLE `pembelian`
  ADD PRIMARY KEY (`id`),
  ADD KEY `pembelian_supplier_id_foreign` (`supplier_id`);

--
-- Indeks untuk tabel `pembelian_detail`
--
ALTER TABLE `pembelian_detail`
  ADD PRIMARY KEY (`id`),
  ADD KEY `pembelian_detail_pembelian_id_foreign` (`pembelian_id`),
  ADD KEY `pembelian_detail_produk_id_foreign` (`produk_id`);

--
-- Indeks untuk tabel `permissions`
--
ALTER TABLE `permissions`
  ADD PRIMARY KEY (`id`),
  ADD UNIQUE KEY `permissions_name_guard_name_unique` (`name`,`guard_name`);

--
-- Indeks untuk tabel `personal_access_tokens`
--
ALTER TABLE `personal_access_tokens`
  ADD PRIMARY KEY (`id`),
  ADD UNIQUE KEY `personal_access_tokens_token_unique` (`token`),
  ADD KEY `personal_access_tokens_tokenable_type_tokenable_id_index` (`tokenable_type`,`tokenable_id`);

--
-- Indeks untuk tabel `pesan`
--
ALTER TABLE `pesan`
  ADD PRIMARY KEY (`id`);

--
-- Indeks untuk tabel `produk`
--
ALTER TABLE `produk`
  ADD PRIMARY KEY (`id`),
  ADD UNIQUE KEY `produk_nama_unique` (`nama`),
  ADD KEY `produk_unit_id_foreign` (`unit_id`),
  ADD KEY `produk_kategori_id_foreign` (`kategori_id`);

--
-- Indeks untuk tabel `produk_photo`
--
ALTER TABLE `produk_photo`
  ADD PRIMARY KEY (`id`),
  ADD KEY `produk_photo_produk_id_foreign` (`produk_id`);

--
-- Indeks untuk tabel `provinsis`
--
ALTER TABLE `provinsis`
  ADD PRIMARY KEY (`id`);

--
-- Indeks untuk tabel `roles`
--
ALTER TABLE `roles`
  ADD PRIMARY KEY (`id`),
  ADD UNIQUE KEY `roles_name_guard_name_unique` (`name`,`guard_name`);

--
-- Indeks untuk tabel `role_has_permissions`
--
ALTER TABLE `role_has_permissions`
  ADD PRIMARY KEY (`permission_id`,`role_id`),
  ADD KEY `role_has_permissions_role_id_foreign` (`role_id`);

--
-- Indeks untuk tabel `setting_toko`
--
ALTER TABLE `setting_toko`
  ADD PRIMARY KEY (`id`);

--
-- Indeks untuk tabel `supplier`
--
ALTER TABLE `supplier`
  ADD PRIMARY KEY (`id`);

--
-- Indeks untuk tabel `transaksi`
--
ALTER TABLE `transaksi`
  ADD PRIMARY KEY (`id`),
  ADD KEY `transaksi_customer_id_foreign` (`customer_id`),
  ADD KEY `transaksi_customer_alamat_id_foreign` (`customer_alamat_id`),
  ADD KEY `transaksi_payment_token_index` (`payment_token`);

--
-- Indeks untuk tabel `transaksi_detail`
--
ALTER TABLE `transaksi_detail`
  ADD PRIMARY KEY (`id`),
  ADD KEY `transaksi_detail_transaksi_id_foreign` (`transaksi_id`),
  ADD KEY `transaksi_detail_produk_id_foreign` (`produk_id`);

--
-- Indeks untuk tabel `units`
--
ALTER TABLE `units`
  ADD PRIMARY KEY (`id`);

--
-- Indeks untuk tabel `users`
--
ALTER TABLE `users`
  ADD PRIMARY KEY (`id`),
  ADD UNIQUE KEY `users_email_unique` (`email`);

--
-- Indeks untuk tabel `wishlist`
--
ALTER TABLE `wishlist`
  ADD PRIMARY KEY (`id`),
  ADD KEY `wishlist_produk_id_foreign` (`produk_id`),
  ADD KEY `wishlist_customer_id_foreign` (`customer_id`);

--
-- AUTO_INCREMENT untuk tabel yang dibuang
--

--
-- AUTO_INCREMENT untuk tabel `about`
--
ALTER TABLE `about`
  MODIFY `id` bigint UNSIGNED NOT NULL AUTO_INCREMENT, AUTO_INCREMENT=2;

--
-- AUTO_INCREMENT untuk tabel `cara_belanja`
--
ALTER TABLE `cara_belanja`
  MODIFY `id` bigint UNSIGNED NOT NULL AUTO_INCREMENT;

--
-- AUTO_INCREMENT untuk tabel `customer`
--
ALTER TABLE `customer`
  MODIFY `id` bigint UNSIGNED NOT NULL AUTO_INCREMENT, AUTO_INCREMENT=4;

--
-- AUTO_INCREMENT untuk tabel `customer_alamat`
--
ALTER TABLE `customer_alamat`
  MODIFY `id` bigint UNSIGNED NOT NULL AUTO_INCREMENT, AUTO_INCREMENT=4;

--
-- AUTO_INCREMENT untuk tabel `failed_jobs`
--
ALTER TABLE `failed_jobs`
  MODIFY `id` bigint UNSIGNED NOT NULL AUTO_INCREMENT;

--
-- AUTO_INCREMENT untuk tabel `kategori`
--
ALTER TABLE `kategori`
  MODIFY `id` bigint UNSIGNED NOT NULL AUTO_INCREMENT, AUTO_INCREMENT=38;

--
-- AUTO_INCREMENT untuk tabel `kota_kabupatens`
--
ALTER TABLE `kota_kabupatens`
  MODIFY `id` bigint UNSIGNED NOT NULL AUTO_INCREMENT, AUTO_INCREMENT=502;

--
-- AUTO_INCREMENT untuk tabel `migrations`
--
ALTER TABLE `migrations`
  MODIFY `id` int UNSIGNED NOT NULL AUTO_INCREMENT, AUTO_INCREMENT=27;

--
-- AUTO_INCREMENT untuk tabel `payments`
--
ALTER TABLE `payments`
  MODIFY `id` bigint UNSIGNED NOT NULL AUTO_INCREMENT;

--
-- AUTO_INCREMENT untuk tabel `pembelian`
--
ALTER TABLE `pembelian`
  MODIFY `id` bigint UNSIGNED NOT NULL AUTO_INCREMENT, AUTO_INCREMENT=3;

--
-- AUTO_INCREMENT untuk tabel `pembelian_detail`
--
ALTER TABLE `pembelian_detail`
  MODIFY `id` bigint UNSIGNED NOT NULL AUTO_INCREMENT, AUTO_INCREMENT=2;

--
-- AUTO_INCREMENT untuk tabel `permissions`
--
ALTER TABLE `permissions`
  MODIFY `id` bigint UNSIGNED NOT NULL AUTO_INCREMENT, AUTO_INCREMENT=54;

--
-- AUTO_INCREMENT untuk tabel `personal_access_tokens`
--
ALTER TABLE `personal_access_tokens`
  MODIFY `id` bigint UNSIGNED NOT NULL AUTO_INCREMENT;

--
-- AUTO_INCREMENT untuk tabel `pesan`
--
ALTER TABLE `pesan`
  MODIFY `id` bigint UNSIGNED NOT NULL AUTO_INCREMENT, AUTO_INCREMENT=2;

--
-- AUTO_INCREMENT untuk tabel `produk`
--
ALTER TABLE `produk`
  MODIFY `id` bigint UNSIGNED NOT NULL AUTO_INCREMENT, AUTO_INCREMENT=3;

--
-- AUTO_INCREMENT untuk tabel `produk_photo`
--
ALTER TABLE `produk_photo`
  MODIFY `id` bigint UNSIGNED NOT NULL AUTO_INCREMENT, AUTO_INCREMENT=3;

--
-- AUTO_INCREMENT untuk tabel `provinsis`
--
ALTER TABLE `provinsis`
  MODIFY `id` bigint UNSIGNED NOT NULL AUTO_INCREMENT, AUTO_INCREMENT=35;

--
-- AUTO_INCREMENT untuk tabel `roles`
--
ALTER TABLE `roles`
  MODIFY `id` bigint UNSIGNED NOT NULL AUTO_INCREMENT, AUTO_INCREMENT=3;

--
-- AUTO_INCREMENT untuk tabel `setting_toko`
--
ALTER TABLE `setting_toko`
  MODIFY `id` bigint UNSIGNED NOT NULL AUTO_INCREMENT, AUTO_INCREMENT=2;

--
-- AUTO_INCREMENT untuk tabel `supplier`
--
ALTER TABLE `supplier`
  MODIFY `id` bigint UNSIGNED NOT NULL AUTO_INCREMENT, AUTO_INCREMENT=2;

--
-- AUTO_INCREMENT untuk tabel `transaksi`
--
ALTER TABLE `transaksi`
  MODIFY `id` bigint UNSIGNED NOT NULL AUTO_INCREMENT, AUTO_INCREMENT=3;

--
-- AUTO_INCREMENT untuk tabel `transaksi_detail`
--
ALTER TABLE `transaksi_detail`
  MODIFY `id` bigint UNSIGNED NOT NULL AUTO_INCREMENT, AUTO_INCREMENT=3;

--
-- AUTO_INCREMENT untuk tabel `units`
--
ALTER TABLE `units`
  MODIFY `id` bigint UNSIGNED NOT NULL AUTO_INCREMENT, AUTO_INCREMENT=4;

--
-- AUTO_INCREMENT untuk tabel `users`
--
ALTER TABLE `users`
  MODIFY `id` bigint UNSIGNED NOT NULL AUTO_INCREMENT, AUTO_INCREMENT=4;

--
-- AUTO_INCREMENT untuk tabel `wishlist`
--
ALTER TABLE `wishlist`
  MODIFY `id` bigint UNSIGNED NOT NULL AUTO_INCREMENT;

--
-- Ketidakleluasaan untuk tabel pelimpahan (Dumped Tables)
--

--
-- Ketidakleluasaan untuk tabel `customer_alamat`
--
ALTER TABLE `customer_alamat`
  ADD CONSTRAINT `customer_alamat_customer_id_foreign` FOREIGN KEY (`customer_id`) REFERENCES `customer` (`id`) ON DELETE CASCADE,
  ADD CONSTRAINT `customer_alamat_kota_id_foreign` FOREIGN KEY (`kota_id`) REFERENCES `kota_kabupatens` (`id`),
  ADD CONSTRAINT `customer_alamat_provinsi_id_foreign` FOREIGN KEY (`provinsi_id`) REFERENCES `provinsis` (`id`);

--
-- Ketidakleluasaan untuk tabel `model_has_permissions`
--
ALTER TABLE `model_has_permissions`
  ADD CONSTRAINT `model_has_permissions_permission_id_foreign` FOREIGN KEY (`permission_id`) REFERENCES `permissions` (`id`) ON DELETE CASCADE;

--
-- Ketidakleluasaan untuk tabel `model_has_roles`
--
ALTER TABLE `model_has_roles`
  ADD CONSTRAINT `model_has_roles_role_id_foreign` FOREIGN KEY (`role_id`) REFERENCES `roles` (`id`) ON DELETE CASCADE;

--
-- Ketidakleluasaan untuk tabel `payments`
--
ALTER TABLE `payments`
  ADD CONSTRAINT `payments_transaksi_id_foreign` FOREIGN KEY (`transaksi_id`) REFERENCES `transaksi` (`id`) ON DELETE CASCADE;

--
-- Ketidakleluasaan untuk tabel `pembelian`
--
ALTER TABLE `pembelian`
  ADD CONSTRAINT `pembelian_supplier_id_foreign` FOREIGN KEY (`supplier_id`) REFERENCES `supplier` (`id`);

--
-- Ketidakleluasaan untuk tabel `pembelian_detail`
--
ALTER TABLE `pembelian_detail`
  ADD CONSTRAINT `pembelian_detail_pembelian_id_foreign` FOREIGN KEY (`pembelian_id`) REFERENCES `pembelian` (`id`) ON DELETE CASCADE,
  ADD CONSTRAINT `pembelian_detail_produk_id_foreign` FOREIGN KEY (`produk_id`) REFERENCES `produk` (`id`);

--
-- Ketidakleluasaan untuk tabel `produk`
--
ALTER TABLE `produk`
  ADD CONSTRAINT `produk_kategori_id_foreign` FOREIGN KEY (`kategori_id`) REFERENCES `kategori` (`id`),
  ADD CONSTRAINT `produk_unit_id_foreign` FOREIGN KEY (`unit_id`) REFERENCES `units` (`id`);

--
-- Ketidakleluasaan untuk tabel `produk_photo`
--
ALTER TABLE `produk_photo`
  ADD CONSTRAINT `produk_photo_produk_id_foreign` FOREIGN KEY (`produk_id`) REFERENCES `produk` (`id`) ON DELETE CASCADE;

--
-- Ketidakleluasaan untuk tabel `role_has_permissions`
--
ALTER TABLE `role_has_permissions`
  ADD CONSTRAINT `role_has_permissions_permission_id_foreign` FOREIGN KEY (`permission_id`) REFERENCES `permissions` (`id`) ON DELETE CASCADE,
  ADD CONSTRAINT `role_has_permissions_role_id_foreign` FOREIGN KEY (`role_id`) REFERENCES `roles` (`id`) ON DELETE CASCADE;

--
-- Ketidakleluasaan untuk tabel `transaksi`
--
ALTER TABLE `transaksi`
  ADD CONSTRAINT `transaksi_customer_alamat_id_foreign` FOREIGN KEY (`customer_alamat_id`) REFERENCES `customer_alamat` (`id`),
  ADD CONSTRAINT `transaksi_customer_id_foreign` FOREIGN KEY (`customer_id`) REFERENCES `customer` (`id`);

--
-- Ketidakleluasaan untuk tabel `transaksi_detail`
--
ALTER TABLE `transaksi_detail`
  ADD CONSTRAINT `transaksi_detail_produk_id_foreign` FOREIGN KEY (`produk_id`) REFERENCES `produk` (`id`),
  ADD CONSTRAINT `transaksi_detail_transaksi_id_foreign` FOREIGN KEY (`transaksi_id`) REFERENCES `transaksi` (`id`) ON DELETE CASCADE;

--
-- Ketidakleluasaan untuk tabel `wishlist`
--
ALTER TABLE `wishlist`
  ADD CONSTRAINT `wishlist_customer_id_foreign` FOREIGN KEY (`customer_id`) REFERENCES `customer` (`id`),
  ADD CONSTRAINT `wishlist_produk_id_foreign` FOREIGN KEY (`produk_id`) REFERENCES `produk` (`id`);
COMMIT;

/*!40101 SET CHARACTER_SET_CLIENT=@OLD_CHARACTER_SET_CLIENT */;
/*!40101 SET CHARACTER_SET_RESULTS=@OLD_CHARACTER_SET_RESULTS */;
/*!40101 SET COLLATION_CONNECTION=@OLD_COLLATION_CONNECTION */;
